Date,ret
2004-01-05,0.04729332476831338
2004-01-06,0.0018680484331845548
2004-01-07,-0.010917883953101892
2004-01-08,0.016880729100465786
2004-01-09,0.008397412573970087
2004-01-12,0.013290888008953061
2004-01-13,-0.012329691035853685
2004-01-14,-0.022857413722073616
2004-01-15,-0.018852610736132647
2004-01-16,0.008370064261095322
2004-01-19,0.009884051245133918
2004-01-20,0.012493788216524138
2004-01-21,-0.0160493855966255
2004-01-22,-0.014393713090131044
2004-01-23,0.021620135831787124
2004-01-26,0.036766232989194236
2004-01-27,-0.005105412933987807
2004-01-28,-0.015558365333751212
2004-01-29,-0.06343230779378395
2004-01-30,-0.024189076382345576
2004-02-02,-0.002933225440534315
2004-02-03,0.02242083571107223
2004-02-04,-0.02711352006793888
2004-02-05,-0.027726955619106874
2004-02-06,0.04073854707882063
2004-02-09,-0.00031868157152104004
2004-02-10,0.009471441434550698
2004-02-11,0.04523783135605974
2004-02-12,-0.005793358183597164
2004-02-13,-0.02338184733838311
2004-02-16,-0.01525108385987295
2004-02-17,0.010624329454410386
2004-02-18,-0.019178546680373998
2004-02-19,-0.048856075432441415
2004-02-20,0.0182562769968726
2004-02-25,0.01266723965258798
2004-02-26,-0.007385249201309563
2004-02-27,0.014118970798618236
2004-03-01,0.03362724760560276
2004-03-02,-0.0025366605355721106
2004-03-03,0.004800862706012765
2004-03-04,-0.006986655925992125
2004-03-05,0.021208765622526826
2004-03-08,0.005232646134642138
2004-03-09,-0.013970928184457776
2004-03-10,-0.04529007804713814
2004-03-11,-0.04275625902043245
2004-03-12,0.047635889381274055
2004-03-15,-0.02520477531772869
2004-03-16,0.01769131491040099
2004-03-17,0.013237312378647559
2004-03-18,0.02118847762160847
2004-03-19,-0.004884507033846575
2004-03-22,-0.027230532331037338
2004-03-23,-0.02136873321060051
2004-03-24,-0.010429106140998456
2004-03-25,0.0007145409378672696
2004-03-26,0.025435658182539456
2004-03-29,-0.00046433878991791744
2004-03-30,0.023501334058156687
2004-03-31,0.0044811662630745985
2004-04-01,0.022551135388322763
2004-04-02,0.013246969746877113
2004-04-05,0.0085476168534111
2004-04-06,-0.0032022183233468837
2004-04-07,-0.027640999544161104
2004-04-08,0.012486878505164611
2004-04-12,0.002417317955492493
2004-04-13,-0.007048487331060116
2004-04-14,-0.013709820362787895
2004-04-15,-0.026016767850144618
2004-04-16,0.001379056943756396
2004-04-19,-0.006544405328247294
2004-04-20,-0.025712691578807068
2004-04-22,0.0030317408347269037
2004-04-23,0.020968661180244652
2004-04-26,-0.01239704556620147
2004-04-27,-0.0003283225094570241
2004-04-28,-0.040349087953478247
2004-04-29,-0.030196399231016358
2004-04-30,-0.01307274393327873
2004-05-03,0.0051887388770737175
2004-05-04,0.014056709271599743
2004-05-05,0.0018993358036532015
2004-05-06,-0.042642119266002254
2004-05-07,-0.030153038170688262
2004-05-10,-0.05611012290007622
2004-05-11,0.05164258579810799
2004-05-12,-0.011447918203931096
2004-05-13,0.004138537817148347
2004-05-14,0.01129344940165744
2004-05-17,-0.02662613396195823
2004-05-18,0.023666517089628414
2004-05-19,0.007088419756319908
2004-05-20,-0.024264621999630975
2004-05-21,0.002464066955157662
2004-05-24,0.020783342653846404
2004-05-25,0.010178882950121704
2004-05-26,0.011020702647178027
2004-05-27,0.0342790565824842
2004-05-28,-0.003400932188457162
2004-05-31,-0.006222605001598325
2004-06-01,5.116267172589062e-05
2004-06-02,0.008710545867486985
2004-06-03,-0.016208141714848523
2004-06-04,0.021368007472927886
2004-06-07,0.03119509891870642
2004-06-08,-0.008003774528145158
2004-06-09,-0.020873008666209003
2004-06-11,-0.0015617525026296875
2004-06-14,-0.017598745236446334
2004-06-15,0.02828062509485285
2004-06-16,0.02039224390114036
2004-06-17,-0.006128221164292569
2004-06-18,-9.835743098385308e-05
2004-06-21,-0.0019691829333723376
2004-06-22,-0.004642900763577984
2004-06-23,0.03104916165169236
2004-06-24,-0.006162160843290465
2004-06-25,0.0020261476370517784
2004-06-28,-0.01941619594629529
2004-06-29,0.0218710117442793
2004-06-30,0.016591560575921704
2004-07-01,0.009412277119574597
2004-07-02,0.01020583455970936
2004-07-05,0.0047180808183711065
2004-07-06,-0.022493831865988412
2004-07-07,-0.0008026629954773767
2004-07-08,-0.013505364813621412
2004-07-12,0.030413244825529873
2004-07-13,0.006711589914075944
2004-07-14,-0.0001845444065207147
2004-07-15,0.017925396515245495
2004-07-16,0.017164332247897818
2004-07-19,-0.015488872802817966
2004-07-20,0.011650267839417694
2004-07-21,-0.024949789792470867
2004-07-22,-0.0036747859452006537
2004-07-23,-0.006417233074561324
2004-07-26,-0.012724774926830662
2004-07-27,0.01946409142378336
2004-07-28,0.01963392986994883
2004-07-29,0.0027029478569975396
2004-07-30,0.0048917409337452256
2004-08-02,0.004957027008684278
2004-08-03,-0.00334664866916512
2004-08-04,-0.008754068159914752
2004-08-05,-0.038986274047765335
2004-08-06,0.015029480494893832
2004-08-09,-0.018269604481924162
2004-08-10,0.022141469194499663
2004-08-11,-0.007712417289663875
2004-08-12,0.0
2004-08-13,-0.007865810493061787
2004-08-16,0.016819578715676187
2004-08-17,0.013554115089947416
2004-08-18,0.03202771518557945
2004-08-19,0.006825069149929419
2004-08-20,0.011315721965058145
2004-08-23,-0.01494120915197783
2004-08-24,0.0007873671724745179
2004-08-25,0.008186772776070939
2004-08-26,-0.020859652052431343
2004-08-27,0.000664025345898267
2004-08-30,0.011965127570018552
2004-08-31,-0.0028901754222339093
2004-09-01,-0.012799186113175764
2004-09-02,0.007743230210879304
2004-09-03,-0.012105772742312837
2004-09-06,0.003873816541476671
2004-09-08,0.0014210855930940625
2004-09-09,-0.011066601117112995
2004-09-10,-0.014371829599246766
2004-09-13,-0.007264120390525264
2004-09-14,0.022667455855422958
2004-09-15,0.0015676441523631013
2004-09-16,0.023530497410193973
2004-09-17,0.008618116452028701
2004-09-20,0.00017334026737714225
2004-09-21,0.0012125412883516873
2004-09-22,-0.01557113567391788
2004-09-23,0.00853527603030102
2004-09-24,0.0012196185848392105
2004-09-27,-0.00602542974791298
2004-09-28,0.01723694038469148
2004-09-29,-0.0009905468197253242
2004-09-30,0.0015930083234447778
2004-10-01,0.022628671727717986
2004-10-04,0.015565653228316378
2004-10-05,0.0022748432930761453
2004-10-06,-0.007381025382002804
2004-10-07,0.0031996038183450537
2004-10-08,-0.007370273416459128
2004-10-11,0.0011277961137743375
2004-10-13,-0.028154178433661414
2004-10-14,-0.014271129595760712
2004-10-15,0.017657548589546934
2004-10-18,0.0018384322927413876
2004-10-19,-0.022374810402576273
2004-10-20,-0.0008740113303833397
2004-10-21,0.008098973120965525
2004-10-22,-0.014150561489213231
2004-10-25,-0.005822946445523058
2004-10-26,0.010824711874956705
2004-10-27,0.013994144064204406
2004-10-28,-0.01049901184175539
2004-10-29,0.005350048645563987
2004-11-01,0.00954135678810708
2004-11-03,0.01649196818771337
2004-11-04,0.009255429974160734
2004-11-05,-0.014255228534112874
2004-11-08,-0.014116673661927592
2004-11-09,0.0001723098134700507
2004-11-10,0.010241995638589074
2004-11-11,0.0028099473529863417
2004-11-12,0.02161746221251626
2004-11-16,-0.011002683841509153
2004-11-17,0.016603777210978166
2004-11-18,-0.0011177117053744468
2004-11-19,-0.004524988520909545
2004-11-22,0.01695620154150035
2004-11-23,-0.004304608471226601
2004-11-24,0.0011497085934237816
2004-11-25,0.020270827124692303
2004-11-26,0.005254198390531428
2004-11-29,-0.0057368821213934496
2004-11-30,0.01092382268971015
2004-12-01,0.004249157555879179
2004-12-02,-0.0013879252748481008
2004-12-03,0.010578767637401398
2004-12-06,0.006457821702987587
2004-12-07,-0.025444855817969625
2004-12-08,-0.0008407230713185498
2004-12-09,-0.01786122562864456
2004-12-10,0.016458447899164952
2004-12-13,0.011643339000674047
2004-12-14,0.013310427274255687
2004-12-15,0.0005084182436121409
2004-12-16,0.00992090927367606
2004-12-17,-0.006680933764462438
2004-12-20,-0.004766006365102271
2004-12-21,0.013728412861794936
2004-12-22,-0.0064712604495298365
2004-12-23,0.006007653579844785
2004-12-27,0.0022773338029153933
2004-12-28,0.006915922597656277
2004-12-29,0.0016833088637522309
2004-12-30,0.0013369751977219124
2005-01-03,-0.018260070511912474
2005-01-04,-0.03456939043756435
2005-01-05,-0.006297961874681235
2005-01-06,-0.013249546647033483
2005-01-07,0.01547451166208802
2005-01-10,-0.018557191511375137
2005-01-11,0.00320578960178608
2005-01-12,0.005728329902906282
2005-01-13,0.012004361853117373
2005-01-14,0.004745635288836425
2005-01-17,-0.01654601957877766
2005-01-18,-0.017529870338437448
2005-01-19,0.007526917256361898
2005-01-20,-0.027611870923699655
2005-01-21,0.00877124624838288
2005-01-24,0.015828387773481722
2005-01-26,0.013626873151110885
2005-01-27,-0.02059380852202075
2005-01-28,-0.0025834424135684486
2005-01-31,0.015853309112339176
2005-02-01,-0.008329945073390022
2005-02-02,0.018706702944184528
2005-02-03,0.010873406913606942
2005-02-04,0.033912272317204284
2005-02-09,0.022365763394892824
2005-02-10,0.0038687702341260177
2005-02-11,0.00960694562630593
2005-02-14,-0.0052252811407687005
2005-02-15,0.0029355333262888195
2005-02-16,-0.008529319172355443
2005-02-17,0.026443803588858117
2005-02-18,-0.012442822149939303
2005-02-21,0.0036187993007494867
2005-02-22,-0.004216974883114233
2005-02-23,0.016982869512970566
2005-02-24,0.04451250688046926
2005-02-25,-0.000386908430636268
2005-02-28,-0.010112525184498011
2005-03-01,-0.01464165482441615
2005-03-02,0.016807118316382486
2005-03-03,0.016459540187604205
2005-03-04,0.018284446138448374
2005-03-07,0.008797710703529305
2005-03-08,-0.014843969117508848
2005-03-09,-0.017624511124372688
2005-03-10,0.0018570107472122288
2005-03-11,-0.017372704854473398
2005-03-14,0.0008544878933420819
2005-03-15,-0.018353092948805383
2005-03-16,0.008625876817205835
2005-03-17,0.009264459159737726
2005-03-18,-0.01770911417908927
2005-03-21,-0.006617724682305592
2005-03-22,-0.029356714020229546
2005-03-23,-0.013997883005563594
2005-03-24,0.0171486733091033
2005-03-28,-0.016805848812840196
2005-03-29,-0.01593154485503412
2005-03-30,0.024010940938980596
2005-03-31,0.005312647901678957
2005-04-01,0.0061066032230172596
2005-04-04,-0.0138021408427349
2005-04-05,-0.014072117045765609
2005-04-06,-0.013260589031013126
2005-04-07,0.023576654994911905
2005-04-08,-0.016209425085239815
2005-04-11,0.0005793183516278333
2005-04-12,0.011745423476900996
2005-04-13,-0.0053566090738659256
2005-04-14,-0.04239616312774963
2005-04-15,-0.013215341403018499
2005-04-18,0.008923403244878614
2005-04-19,0.02731966192319213
2005-04-20,-0.01991058900273579
2005-04-22,-0.011840632827858855
2005-04-25,0.018600908305447916
2005-04-26,0.0028889744453586275
2005-04-27,-0.002492730829603218
2005-04-28,-0.0322881395330441
2005-04-29,0.01639514039366219
2005-05-02,-0.005610622399343512
2005-05-03,0.0004451549010209277
2005-05-04,0.030207516968832948
2005-05-05,-0.0014928307624053616
2005-05-06,0.005997078238229037
2005-05-09,-0.004857611306823273
2005-05-10,-0.027954356693438598
2005-05-11,-0.002587846658730797
2005-05-12,-0.02384577097046403
2005-05-13,-0.009582608116110336
2005-05-16,0.020387728086836532
2005-05-17,0.0013936713192013173
2005-05-18,0.019671701655733287
2005-05-19,-0.0027751541127969404
2005-05-20,-0.012441651036603218
2005-05-23,-0.012598397955002838
2005-05-24,0.013535891654823828
2005-05-25,-0.00273341254986903
2005-05-27,0.031249400959868723
2005-05-30,0.006669453874344811
2005-05-31,-0.008571876072307916
2005-06-01,0.029011339501856526
2005-06-02,0.02628077244827942
2005-06-03,-0.010338544336409683
2005-06-06,-0.03120317859568189
2005-06-07,-0.020956838297232494
2005-06-08,-0.013031072427041934
2005-06-09,-0.008864369026998276
2005-06-10,0.018894058565836147
2005-06-13,-0.0019657800244399226
2005-06-14,0.033253468719808055
2005-06-15,-0.01026851384837002
2005-06-16,0.010540384905485922
2005-06-17,0.01319361781594175
2005-06-20,-0.0018028735775743598
2005-06-21,-0.012517548701616477
2005-06-22,-0.001712062675002457
2005-06-23,-0.03414598773470878
2005-06-24,0.004061695005439958
2005-06-27,0.012324907225377046
2005-06-28,0.0013864957556180002
2005-06-29,-0.005358537838391797
2005-06-30,-0.0029894196884612256
2005-07-01,0.010325336957833997
2005-07-04,-0.010564877042019916
2005-07-05,-0.01488362149003386
2005-07-06,-0.00642383083957121
2005-07-07,-0.002736538559092949
2005-07-08,-0.0011049046609308277
2005-07-11,0.023990308895589507
2005-07-12,0.020573601111857798
2005-07-13,0.012453461071286753
2005-07-14,0.0024721891453882705
2005-07-15,-0.027298241950390434
2005-07-18,0.0039174614331809465
2005-07-19,-0.001976597733985841
2005-07-20,0.017028032274589933
2005-07-21,0.005315549792561214
2005-07-22,-0.01760629477415776
2005-07-25,-0.03445715667792193
2005-07-26,0.013644212559141167
2005-07-27,0.018723408772771677
2005-07-28,0.028403263290272207
2005-07-29,-0.000997889163597776
2005-08-01,0.009782271358190542
2005-08-02,0.018498464834150852
2005-08-03,-0.0028035829439652105
2005-08-04,-0.009175756315903172
2005-08-05,0.001811731453518206
2005-08-08,0.00725171788987744
2005-08-09,0.021481511925628638
2005-08-10,-0.0063961400236500765
2005-08-11,-0.018009789103141216
2005-08-12,0.011869354036754487
2005-08-15,0.015609785718668334
2005-08-16,-0.010834740092590778
2005-08-17,0.012331336528232484
2005-08-18,-0.019000497964514196
2005-08-19,-0.009562302056860261
2005-08-22,0.022893124830387634
2005-08-23,-0.018212607795195623
2005-08-24,-0.00213159894477144
2005-08-25,0.02550310078956386
2005-08-26,-0.011266794412840397
2005-08-29,0.01064620921760806
2005-08-30,0.007965271522671458
2005-08-31,0.015849673201943304
2005-09-01,-0.0029639173946662822
2005-09-02,0.012686511901984332
2005-09-05,0.0071427618469570575
2005-09-06,0.011607568848354788
2005-09-08,-0.0009361511007348611
2005-09-09,0.016513379235522763
2005-09-12,-0.007603557542198658
2005-09-13,-0.007350056381691061
2005-09-14,0.006111580924093474
2005-09-15,0.010819059242825446
2005-09-16,0.015207619636210978
2005-09-19,0.008682349338823059
2005-09-20,-0.0005653945440382557
2005-09-21,0.02555315072715203
2005-09-22,-0.005169482372977541
2005-09-23,0.01988060055394847
2005-09-26,-0.004901106951731293
2005-09-27,-0.008578483979992058
2005-09-28,0.01421428614612985
2005-09-29,-0.0034545663374032642
2005-09-30,0.011944148494203333
2005-10-03,0.008575084070768568
2005-10-04,-0.018118962582475362
2005-10-05,-0.03645762439896494
2005-10-06,-0.031556220764352716
2005-10-07,0.025204036842943367
2005-10-10,0.010091371944749739
2005-10-11,0.011069072305774696
2005-10-13,-0.02426806040489815
2005-10-14,-0.003688185236931929
2005-10-17,0.015730511662791713
2005-10-18,-0.03959377393608676
2005-10-19,0.007847208948014384
2005-10-20,-0.033069754139233964
2005-10-21,0.028931085943208146
2005-10-24,0.022335747467666422
2005-10-25,-0.011359736536734388
2005-10-26,0.007834172572696474
2005-10-27,-0.02028508472968049
2005-10-28,0.006330109587512567
2005-10-31,0.02944156727770597
2005-11-01,0.023112954758154558
2005-11-03,0.006451635281488066
2005-11-04,-0.006840060223252564
2005-11-07,0.002069858436277272
2005-11-08,0.0006136653778483492
2005-11-09,-0.009896733761863175
2005-11-10,0.0019221064379006947
2005-11-11,-0.006989381121675464
2005-11-14,-0.00961640870176872
2005-11-16,0.00866547983500432
2005-11-17,0.019653379901619417
2005-11-18,0.0004824004338672694
2005-11-21,0.0002571851104011813
2005-11-22,0.012108967586099695
2005-11-23,0.01431478599189795
2005-11-24,6.260956676307217e-05
2005-11-25,-0.0007829014726983274
2005-11-28,-0.01776335464334977
2005-11-29,0.009331919808687417
2005-11-30,0.008337445455392611
2005-12-01,0.02169484164348212
2005-12-02,0.006570024702483579
2005-12-05,-0.003997991072932194
2005-12-06,0.015836748676290924
2005-12-07,-0.014125727451624215
2005-12-08,-0.008492164406561642
2005-12-09,0.013516612011414963
2005-12-12,0.001487259922361872
2005-12-13,0.013526135939994077
2005-12-14,0.006234266787487286
2005-12-15,-0.013049779636375547
2005-12-16,0.0029781175654886027
2005-12-19,-0.008658062743114314
2005-12-20,0.0018767410763356196
2005-12-21,0.013516966584871781
2005-12-22,-0.00011934954512149432
2005-12-23,-0.005445528386953669
2005-12-26,-0.0009905597472066319
2005-12-27,0.0021899242278795583
2005-12-28,-0.00700659920343405
2005-12-29,0.009550482539172123
2006-01-02,0.0015232295405223084
2006-01-03,0.030392652012412924
2006-01-04,0.013258178474751858
2006-01-05,-0.0018873865307043047
2006-01-06,0.015310406862845127
2006-01-09,-0.003897649401348957
2006-01-10,-0.008183491241636531
2006-01-11,0.02543763303985358
2006-01-12,-0.0048235863275927215
2006-01-13,0.003292597427455135
2006-01-16,0.017589607311656152
2006-01-17,-0.011424291181759472
2006-01-18,-0.008731494213829905
2006-01-19,0.028985142950942233
2006-01-20,-0.004432185412818868
2006-01-23,-0.0017183306422321465
2006-01-24,0.020748529065691912
2006-01-26,0.01628380850815958
2006-01-27,-0.005063569023564085
2006-01-30,0.011043444165686367
2006-01-31,0.0036802651653147223
2006-02-01,0.0026539017501985285
2006-02-02,-0.031167995480261723
2006-02-03,-0.0011265189078581983
2006-02-06,0.0015821303060246095
2006-02-07,-0.020546721219291797
2006-02-08,-0.001724586732034794
2006-02-09,0.010438764200067396
2006-02-10,0.002518381443936235
2006-02-13,-0.023561406803173313
2006-02-14,0.01410507156113816
2006-02-15,0.016570925847092965
2006-02-16,0.02694381151404812
2006-02-17,0.004329801490282392
2006-02-20,0.0030405033753559962
2006-02-21,-0.00972564865688419
2006-02-22,0.0020939127160595206
2006-02-23,0.004148679809862443
2006-02-24,0.005323650825500792
2006-03-01,0.014604054485062079
2006-03-02,-0.0013281571220868926
2006-03-03,0.002909427058041203
2006-03-06,-0.022837809845837498
2006-03-07,-0.02457333618737323
2006-03-08,-0.003587111673775567
2006-03-09,-0.02655011183601097
2006-03-10,0.01581935370425569
2006-03-13,-0.0026600091684620963
2006-03-14,0.020126059366143423
2006-03-15,0.01855301616709859
2006-03-16,-0.0022774580857429783
2006-03-17,-0.002834424384055012
2006-03-20,0.004065419419088556
2006-03-21,-0.021322995117722954
2006-03-22,0.012040172558945628
2006-03-23,-0.010010040437393286
2006-03-24,0.002744801925791407
2006-03-27,0.001701720743559676
2006-03-28,-0.02580771031683149
2006-03-29,0.021841405355399246
2006-03-30,0.007572874942512797
2006-03-31,0.004621751548508968
2006-04-03,0.019956576692592876
2006-04-04,0.0021930116246569042
2006-04-05,0.006447906226194178
2006-04-06,0.005923068709080326
2006-04-07,-0.0091803588074022
2006-04-10,-0.01165372809544074
2006-04-11,-0.015031182760370854
2006-04-12,0.013782840552536868
2006-04-13,-0.00901860796471965
2006-04-17,0.009929011336266669
2006-04-18,0.02845105657232061
2006-04-19,0.009206454160223032
2006-04-20,-0.004089677397349334
2006-04-24,-0.0006035762072418294
2006-04-25,-0.0003270892857099028
2006-04-26,0.01676937035948356
2006-04-27,-0.016442281073773657
2006-04-28,0.01527852572719901
2006-05-02,0.01607309116985789
2006-05-03,-0.0023676738302391698
2006-05-04,0.0013675883737445105
2006-05-05,0.010704895108808898
2006-05-08,0.00236338314801543
2006-05-09,0.011114685527690682
2006-05-10,-0.0054221389005739695
2006-05-11,-0.021913975144389752
2006-05-12,-0.015394407877552752
2006-05-15,-0.023952638322123576
2006-05-16,0.00368549224461745
2006-05-17,-0.028956943613989594
2006-05-18,-0.012720610961606482
2006-05-19,-0.0019592275263740078
2006-05-22,-0.03330497770999763
2006-05-23,-0.010660230140327798
2006-05-24,-0.008845430541592592
2006-05-25,0.048454837502230674
2006-05-26,0.024634831057138484
2006-05-29,-0.009419385764951826
2006-05-30,-0.04646883380268285
2006-05-31,0.0032079870676824385
2006-06-01,0.03279865335189491
2006-06-02,0.005126183771267279
2006-06-05,-0.032192598143373274
2006-06-06,-0.00496603929256878
2006-06-07,-0.03603742696396317
2006-06-08,0.004922077205428366
2006-06-09,-0.010296064747352673
2006-06-12,-0.04430274237832066
2006-06-13,-0.021295023333625096
2006-06-14,0.0028272222391940716
2006-06-16,0.04330941167360436
2006-06-19,-0.014700979294158145
2006-06-20,-0.007848520200678166
2006-06-21,0.026842721068963016
2006-06-22,-0.006679857551857182
2006-06-23,0.009974277361861184
2006-06-26,-0.0008659008795941503
2006-06-27,-0.0073905882212201846
2006-06-28,0.013263982009389608
2006-06-29,0.04633340428120292
2006-06-30,0.003938843682098181
2006-07-03,0.019625433905190448
2006-07-04,0.0002676516262436479
2006-07-05,-0.026823765659170107
2006-07-06,0.004251765398942453
2006-07-07,-0.011867696250320137
2006-07-10,0.0010796894865556794
2006-07-11,0.011362664379424459
2006-07-12,-0.008903114425264036
2006-07-13,-0.024475964793294835
2006-07-14,-0.00011314777110982277
2006-07-17,-0.013786250021558644
2006-07-18,0.0075433239567122
2006-07-19,0.046034687106493166
2006-07-20,-0.02583027184850195
2006-07-21,-0.009445534580729387
2006-07-24,0.01990753562572145
2006-07-25,0.01253702724944361
2006-07-26,-0.0023746172877885385
2006-07-27,0.008002002362031746
2006-07-28,0.013276259039118443
2006-07-31,-0.008165722667815345
2006-08-01,-0.006439764665270076
2006-08-02,0.012114492460002069
2006-08-03,0.00436185280598167
2006-08-04,0.010544726452424769
2006-08-07,-0.003971095679981218
2006-08-08,-0.002602992253017078
2006-08-09,-0.009217886390157304
2006-08-10,0.002653836885723848
2006-08-11,-0.011036748279275699
2006-08-14,-0.010530566285819276
2006-08-15,0.02001339596708185
2006-08-16,0.01019028744978101
2006-08-17,-0.0031633398257060463
2006-08-18,-0.00018639080880866743
2006-08-21,-0.010466814868495433
2006-08-22,-0.01308270396553013
2006-08-23,-0.03230645274290822
2006-08-24,0.007993423480916917
2006-08-25,0.004487499691451902
2006-08-28,0.011530134787554047
2006-08-29,-0.0019537974541705694
2006-08-30,0.00024787584301400045
2006-08-31,-0.0022330976265880764
2006-09-01,0.029827798207691103
2006-09-04,0.009703896359793518
2006-09-05,-0.008659677621590589
2006-09-06,-0.017765525691062933
2006-09-08,-0.004149157014332161
2006-09-11,-0.021734576010477014
2006-09-12,0.01042849312531402
2006-09-13,0.011087228586539766
2006-09-14,-0.010893593643125143
2006-09-15,0.00044245341134363514
2006-09-18,0.008616352702965457
2006-09-19,-0.016499151376496712
2006-09-20,-0.019386395591201477
2006-09-21,-0.010481767321364188
2006-09-22,-0.0008904336425406001
2006-09-25,0.004987684478480858
2006-09-26,0.023902143664418674
2006-09-27,0.007980577636198305
2006-09-28,0.01046956885156014
2006-09-29,-0.0010146021299526353
2006-10-02,0.01657022962414878
2006-10-03,-0.016872066716731027
2006-10-04,0.03534679913444805
2006-10-05,0.006021728044860453
2006-10-06,-0.0009747488159330686
2006-10-09,0.012207732881053701
2006-10-10,0.006462435384516851
2006-10-11,-0.00865198896493169
2006-10-13,0.013683933006149118
2006-10-16,0.009708192387016368
2006-10-17,-0.008473433779759176
2006-10-18,-0.0054650579410076006
2006-10-19,0.006030479837898284
2006-10-20,-0.007142611235742891
2006-10-23,0.014999639127573516
2006-10-24,0.006910069921278961
2006-10-25,0.0016189829242669873
2006-10-26,0.002070498669182186
2006-10-27,-0.008028103340738113
2006-10-30,-0.010942482759224603
2006-10-31,0.009288348957113612
2006-11-01,0.016845321493615728
2006-11-03,0.012567825472656224
2006-11-06,0.019882636315420754
2006-11-07,-0.004836269223542189
2006-11-08,0.006943292199450113
2006-11-09,-0.012635744935794335
2006-11-10,-0.002330288661053004
2006-11-13,-0.002803533302216721
2006-11-14,0.016728719603886333
2006-11-16,-0.003129057893668019
2006-11-17,-0.0032363669036161724
2006-11-21,0.013099619517893402
2006-11-22,0.008217288071914908
2006-11-23,0.003738856265968593
2006-11-24,-0.007443847895245881
2006-11-27,-0.020394305727837292
2006-11-28,0.0031235536267413266
2006-11-29,0.02233477973941156
2006-11-30,-0.0009058187551715946
2006-12-01,-0.014533219200124847
2006-12-04,0.031605016785198004
2006-12-05,0.011723572994236875
2006-12-06,-0.0014144437914040964
2006-12-07,-0.004348591237359756
2006-12-08,0.001606762719495336
2006-12-11,0.007394991683158381
2006-12-12,-0.0064647157892849805
2006-12-13,0.006187521913494365
2006-12-14,0.0107997373200579
2006-12-15,-0.0036404889607286606
2006-12-18,-0.0019975897808421905
2006-12-19,0.0018599530040770418
2006-12-20,-0.0020208522010776164
2006-12-21,-0.0026931548037705255
2006-12-22,-0.0006686572919480938
2006-12-26,0.00568085337381774
2006-12-27,0.02094733288872952
2006-12-28,-0.0011685394588116793
2007-01-02,0.02023283682719601
2007-01-03,-0.020885115890797223
2007-01-04,-0.009608393595323506
2007-01-05,-0.04115807249350745
2007-01-08,0.013752788022472373
2007-01-09,-0.019402520564591796
2007-01-10,0.00780151686985775
2007-01-11,0.007858309267362529
2007-01-12,0.009910883899454603
2007-01-15,-0.004092362769524627
2007-01-16,-0.006897143411913831
2007-01-17,0.0026007817000568423
2007-01-18,-0.00603196177192622
2007-01-19,0.022118099523551038
2007-01-22,0.002874192893893124
2007-01-23,0.014225704393917127
2007-01-24,0.01147833992302516
2007-01-26,-0.0061729283884233155
2007-01-29,-0.019072010716497445
2007-01-30,0.010751441775823878
2007-01-31,0.013485985685475654
2007-02-01,0.0038677848725043873
2007-02-02,0.004075139528866956
2007-02-05,0.006379889612137646
2007-02-06,0.001456343071673416
2007-02-07,-0.016989512494625103
2007-02-08,0.006794840626632492
2007-02-09,-0.013636167156789725
2007-02-12,-0.00791216904941372
2007-02-13,0.028319444006264405
2007-02-14,0.01752372323234752
2007-02-15,-0.0008917793763458803
2007-02-16,-0.0023092685962637916
2007-02-21,0.0052426185186078555
2007-02-22,0.00782351465109521
2007-02-23,-0.009430359284930745
2007-02-26,0.004142139663365185
2007-02-27,-0.06856476580167659
2007-02-28,0.01716553516828334
2007-03-01,-0.008580404780440531
2007-03-02,-0.026711101709645746
2007-03-05,-0.0285121469665075
2007-03-06,0.04832865746332082
2007-03-07,-0.01283128741428996
2007-03-08,0.018553235562519532
2007-03-09,0.015228778652675246
2007-03-12,0.0026249703923379997
2007-03-13,-0.034486969032212045
2007-03-14,0.0125296570441229
2007-03-15,-0.00023103759084364128
2007-03-16,-0.012743173093657134
2007-03-19,0.022744291043894194
2007-03-20,0.01448971571587876
2007-03-21,0.02845205368999615
2007-03-22,-0.004546710375086249
2007-03-23,0.002396738066950732
2007-03-26,0.002456734219476786
2007-03-27,-0.009642129912917241
2007-03-28,-0.01612236814753132
2007-03-29,0.019390850110312385
2007-03-30,0.009872831400263848
2007-04-02,-0.004551330584737556
2007-04-03,0.015040823351345267
2007-04-04,0.005730180906088123
2007-04-05,0.001995687403921309
2007-04-09,0.004449110031998771
2007-04-10,0.006785166785896024
2007-04-11,-0.004994006957810271
2007-04-12,0.008654573248469077
2007-04-13,0.012154694998034898
2007-04-16,0.0205485974968731
2007-04-17,-0.003398995860168341
2007-04-18,-0.0009234084686298161
2007-04-19,0.001066973180670061
2007-04-20,0.013161033403189748
2007-04-23,-0.004991387049521734
2007-04-24,-0.0018527384082922538
2007-04-25,0.012253690141287521
2007-04-26,-0.01231482791527938
2007-04-27,0.0032961025996041116
2007-04-30,-0.005581258250018095
2007-05-02,0.010484917444864905
2007-05-03,0.01496667520044781
2007-05-04,0.007538521655154895
2007-05-07,-0.006264889642192628
2007-05-08,-7.95544948708482e-05
2007-05-09,0.020123146493228106
2007-05-10,-0.020978757262446024
2007-05-11,0.013190220601105196
2007-05-14,-0.0077110811716103456
2007-05-15,0.00013857407301287594
2007-05-16,0.023862812781455744
2007-05-17,-0.002070253910096298
2007-05-18,0.008620327417018459
2007-05-21,0.006602831617380289
2007-05-22,-0.004109686471579721
2007-05-23,-0.007594656821073187
2007-05-24,-0.025054073698267842
2007-05-25,0.021283439535642046
2007-05-28,0.009678303389378584
2007-05-29,-0.007839551673701095
2007-05-30,0.015637160176293463
2007-05-31,-0.004962031632336661
2007-06-01,0.021857035720115547
2007-06-04,-0.003375024297559648
2007-06-05,-0.0015224851397253047
2007-06-06,-0.02115827282917948
2007-06-08,0.0053842378035664495
2007-06-11,0.00850566936361119
2007-06-12,-0.018743257217348486
2007-06-13,0.022846467066113263
2007-06-14,0.013476358281399925
2007-06-15,0.014894206889341177
2007-06-18,0.0038627403885929112
2007-06-19,-0.0015725861305870836
2007-06-20,-0.011318479576710061
2007-06-21,0.011556354803127888
2007-06-22,-0.007160986864050756
2007-06-25,-0.004154785357945556
2007-06-26,-0.0035219789126728074
2007-06-27,0.005389151429071148
2007-06-28,7.387570416028666e-05
2007-06-29,0.0045145139739375395
2007-07-02,0.017838906769105378
2007-07-03,0.005924155939975861
2007-07-04,-7.181586415505592e-05
2007-07-05,0.004228336109520114
2007-07-06,0.009112329016909726
2007-07-10,-0.009988776776809871
2007-07-11,0.00842849277232638
2007-07-12,0.022059524490099847
2007-07-13,0.0005379282949853348
2007-07-16,-0.0046949259411963595
2007-07-17,0.004972453175337677
2007-07-18,-0.0018053053090856253
2007-07-19,0.00983747700635007
2007-07-20,-0.011802712119152403
2007-07-23,0.01028758640102545
2007-07-24,-0.039396478551729786
2007-07-25,0.0036852880809057353
2007-07-26,-0.03836894836734395
2007-07-27,-0.018181467923669814
2007-07-30,0.03072012352063247
2007-07-31,-0.00717204883855338
2007-08-01,0.0009408119346936417
2007-08-02,0.008391144025591046
2007-08-03,-0.034317138521496204
2007-08-06,0.00462539880873436
2007-08-07,0.013303218840807318
2007-08-08,0.02639479000331235
2007-08-09,-0.033314329329630965
2007-08-10,-0.014952809497344788
2007-08-13,-0.0038830565008396434
2007-08-14,-0.029456583718086904
2007-08-15,-0.03247887703797403
2007-08-16,-0.026085486419390236
2007-08-17,0.011245264760466611
2007-08-20,0.013236013823851422
2007-08-21,0.012300576214489212
2007-08-22,0.03801166562331737
2007-08-23,0.001988552005279587
2007-08-24,0.021937815865634036
2007-08-27,0.001508352787954692
2007-08-28,-0.027369144320408267
2007-08-29,0.02088598626998106
2007-08-30,0.002329700939114332
2007-08-31,0.03310223625589259
2007-09-03,0.003580893567900034
2007-09-04,0.007576137906378122
2007-09-05,-0.015357138524525027
2007-09-06,0.002954754069852683
2007-09-10,-0.035742738929526396
2007-09-11,0.023796795412478033
2007-09-12,-0.0007049831467078604
2007-09-13,0.01884402810997976
2007-09-14,-0.004325653082206671
2007-09-17,-0.0060543978283504885
2007-09-18,0.04189537712820801
2007-09-19,0.010497770416606045
2007-09-20,-0.006271370295992895
2007-09-21,0.015570690762928052
2007-09-24,0.01579187969789153
2007-09-25,0.002364409106471399
2007-09-26,0.014455481825422112
2007-09-27,0.02214271493248532
2007-09-28,-0.00966127481563639
2007-10-01,0.030538589101951175
2007-10-02,-0.005194733329892287
2007-10-03,-0.031415338541673776
2007-10-04,0.005111789797684452
2007-10-05,0.031161362955348437
2007-10-08,0.00547288932063239
2007-10-09,0.014072017329139541
2007-10-10,-0.005554430198706939
2007-10-11,-0.011794522853731948
2007-10-15,0.00818023297851056
2007-10-16,-0.02006691923357451
2007-10-17,0.02363373737424901
2007-10-18,0.0010596655928125642
2007-10-19,-0.03813437783525231
2007-10-22,0.005257609831142318
2007-10-23,0.02392134207834573
2007-10-24,-0.0011490401991949284
2007-10-25,-0.0045452441293676316
2007-10-26,0.03056699590384504
2007-10-29,0.01187765278396924
2007-10-30,-0.01021434085602202
2007-10-31,0.014418026032485542
2007-11-01,-0.019603620797196797
2007-11-05,-0.0171644242335951
2007-11-06,0.024212130238854712
2007-11-07,-0.015656080541859296
2007-11-08,0.0009601536983439019
2007-11-09,0.01187036450904877
2007-11-12,-0.04441006915383028
2007-11-13,0.022499221526263824
2007-11-14,0.02671884745983455
2007-11-16,-0.0003404518757736952
2007-11-19,-0.035814611949959385
2007-11-21,-0.028541288769831752
2007-11-22,0.0011712790550095775
2007-11-23,0.005229242988912475
2007-11-26,-0.03169208918552435
2007-11-27,0.006126549740868015
2007-11-28,0.03769421134638762
2007-11-29,0.00712034072859602
2007-11-30,0.013582606027423338
2007-12-03,0.0030743412009002213
2007-12-04,0.004452099995230441
2007-12-05,0.022522562495362664
2007-12-06,0.013204087217385307
2007-12-07,-0.002313019367989
2007-12-10,-0.002944656359744613
2007-12-11,-0.014374122124207744
2007-12-12,0.0035588878140533353
2007-12-13,-0.029484201212214955
2007-12-14,-0.0066397702956386695
2007-12-17,-0.04281239051796781
2007-12-18,0.020972618789002695
2007-12-19,0.010194033790865475
2007-12-20,-9.721479616864315e-05
2007-12-21,0.022145856742989523
2007-12-26,0.01868391530875435
2007-12-27,-0.008027404853024223
2007-12-28,0.0017546612679897322
2008-01-02,-0.016906346591108345
2008-01-03,0.0012250711516479384
2008-01-04,-0.029938731939241237
2008-01-07,-0.004351081087268227
2008-01-08,0.02131082741112955
2008-01-09,0.009506704599330007
2008-01-10,0.013329409883445109
2008-01-11,-0.025077635139417964
2008-01-14,0.003963591751487527
2008-01-15,-0.037368695358129145
2008-01-16,-0.019042737809012777
2008-01-17,-0.030050441867865985
2008-01-18,0.008189110133050903
2008-01-21,-0.06830870494829178
2008-01-22,0.04350174992568867
2008-01-23,-0.03375587867075325
2008-01-24,0.05781480592926158
2008-01-28,0.01949103984090783
2008-01-29,0.015848084902948756
2008-01-30,0.012669278699867448
2008-01-31,-0.013341434665351315
2008-02-01,0.026376249150617426
2008-02-06,-0.03517259825694374
2008-02-07,-6.783455155456863e-05
2008-02-08,0.001880703022129282
2008-02-11,0.02617946184185449
2008-02-12,0.018980054933868118
2008-02-13,0.01263723046232279
2008-02-14,-0.012410737223794044
2008-02-15,-0.008887791971021741
2008-02-18,0.024648028306961223
2008-02-19,-0.00805772637339075
2008-02-20,0.023008853566841125
2008-02-21,0.0007056665312941135
2008-02-22,0.012725929331031338
2008-02-25,0.00604893442264931
2008-02-26,0.0027960443460166573
2008-02-27,0.004775105110915945
2008-02-28,0.0009156811017536626
2008-02-29,-0.03202282240493837
2008-03-03,0.015643510475859657
2008-03-04,-0.0130165869470531
2008-03-05,0.015169640389165906
2008-03-06,-0.025925404225725757
2008-03-07,-0.01773473906277978
2008-03-10,-0.030675187759349853
2008-03-11,0.03872442790860653
2008-03-12,-0.0030671668832340515
2008-03-13,0.0016551905238806341
2008-03-14,-0.004651133747948677
2008-03-17,-0.03244467099308146
2008-03-18,0.03150861334105315
2008-03-19,-0.051452222380330426
2008-03-20,0.002716147458979634
2008-03-24,0.01390594799039846
2008-03-25,0.023479562175111823
2008-03-26,0.0029515141810776413
2008-03-27,-0.010689511412854458
2008-03-28,-0.005114931870329187
2008-03-31,0.008499474655943473
2008-04-01,0.029207768679832213
2008-04-02,0.009338971782954175
2008-04-03,0.012717849930600877
2008-04-04,0.004213937086760211
2008-04-07,-0.004198354816267624
2008-04-08,0.005655877596119296
2008-04-09,-0.016607551061554204
2008-04-10,0.0007873768162127703
2008-04-11,-0.01493937959848779
2008-04-14,-0.006926545674483364
2008-04-15,0.00745368960496684
2008-04-16,0.024202490794257514
2008-04-17,0.00621583304147677
2008-04-18,0.005730851753391164
2008-04-22,0.0075190631684840525
2008-04-23,-0.007134065743212403
2008-04-24,-0.005744124993723787
2008-04-25,0.009417237818263757
2008-04-28,0.007503951461218961
2008-04-29,-0.02860338316406441
2008-04-30,0.061404011334131425
2008-05-02,0.021832191740546847
2008-05-05,0.01159528832670631
2008-05-06,0.0002849611759678794
2008-05-07,-0.016909743281987133
2008-05-08,0.010148566271716675
2008-05-09,-0.0010906378441735143
2008-05-12,0.010995241499264452
2008-05-13,0.0012347520356161823
2008-05-14,-0.006774380137910541
2008-05-15,0.020704673361692016
2008-05-16,0.01767700040120168
2008-05-19,0.009192573932459425
2008-05-20,0.001061542330013765
2008-05-21,-0.01676170151171874
2008-05-23,-0.01172907489345043
2008-05-26,0.002474124311250492
2008-05-27,-0.008932825261334543
2008-05-28,0.029985943608584975
2008-05-29,-0.018696517732125884
2008-05-30,0.011011877936370595
2008-06-02,-0.009633959210402665
2008-06-03,-0.02656788331039195
2008-06-04,-0.01931054705061186
2008-06-05,0.036628161791217195
2008-06-06,-0.020550854084238068
2008-06-09,-0.0072627182548110625
2008-06-10,-0.021977302945416
2008-06-11,-0.014565167942954815
2008-06-12,0.007858850292770114
2008-06-13,-0.0017543081673885297
2008-06-16,0.001204559626348356
2008-06-17,0.016990896726699845
2008-06-18,-0.019893224345407745
2008-06-19,-0.007480585452265487
2008-06-20,-0.030123310547732984
2008-06-23,0.0004023086380406937
2008-06-24,-0.007328770148216535
2008-06-25,0.025920341173490513
2008-06-26,-0.029370369963373832
2008-06-27,0.005831556738796095
2008-06-30,0.010777982622906634
2008-07-01,-0.025263386666262377
2008-07-02,-0.03679070694123432
2008-07-03,-0.030456170684255213
2008-07-04,0.0015509367730661694
2008-07-07,-0.004676969007549658
2008-07-08,0.007553313494060632
2008-07-10,0.011971192058011226
2008-07-11,-0.0017441720022048912
2008-07-14,0.009481410329895468
2008-07-15,0.004830133593832997
2008-07-16,0.016917467604768532
2008-07-17,-0.03187762244290937
2008-07-18,-0.0020150385262276416
2008-07-21,0.012984614362085978
2008-07-22,-0.01868530268038704
2008-07-23,-0.003796154657896622
2008-07-24,-0.03401123678377438
2008-07-25,-0.004100046744012431
2008-07-28,-0.005786038514765224
2008-07-29,0.020433737970195764
2008-07-30,0.03312711316231898
2008-07-31,-0.008250885698794619
2008-08-01,-0.032017077185829024
2008-08-04,-0.03569820678805691
2008-08-05,0.015382173385230402
2008-08-06,0.018787883902511737
2008-08-07,-0.009148108491027429
2008-08-08,-0.007640747723543839
2008-08-11,-0.03349698641939369
2008-08-12,-0.003973527288506418
2008-08-13,0.001283508922400145
2008-08-14,0.010299878680248398
2008-08-15,-0.016346746402739143
2008-08-18,-0.01704961771132041
2008-08-19,0.00583364592144342
2008-08-20,0.03188792965875109
2008-08-21,0.010025957204321756
2008-08-22,-0.001520776783683786
2008-08-25,-0.024890931269441197
2008-08-26,-0.002168401011354959
2008-08-27,0.02111511127454868
2008-08-28,0.01542465412001981
2008-08-29,-0.01252894260281856
2008-09-01,-0.009346705600288274
2008-09-02,-0.013836629855369154
2008-09-03,-0.016251481075887142
2008-09-04,-0.040372945084973466
2008-09-05,0.010275951824956664
2008-09-08,-0.023808329059757938
2008-09-09,-0.04605818429649666
2008-09-10,0.024433242204230154
2008-09-11,0.032449850713030415
2008-09-12,0.021667208821485318
2008-09-15,-0.07894265701114911
2008-09-16,0.016652543140468268
2008-09-17,-0.06982170446940472
2008-09-18,0.053313731182244695
2008-09-19,0.09135420386630067
2008-09-22,-0.02895150388366119
2008-09-23,-0.03852791270290723
2008-09-24,0.005028370545081984
2008-09-25,0.03905247848249793
2008-09-26,-0.020368890857778155
2008-09-29,-0.09831174594757464
2008-09-30,0.07355070260479124
2008-10-01,0.0051942939417060074
2008-10-02,-0.07620629079016972
2008-10-03,-0.035917474025440654
2008-10-06,-0.05579964531673909
2008-10-07,-0.04769815000716804
2008-10-08,-0.03927651939402743
2008-10-09,-0.04001908327651016
2008-10-10,-0.04045124340796846
2008-10-13,0.13676611594662091
2008-10-14,0.01796208392941523
2008-10-15,-0.12096051469072933
2008-10-16,-0.010672226847306732
2008-10-17,-0.001180653889839789
2008-10-20,0.08026458264473035
2008-10-21,-0.010142281527759422
2008-10-22,-0.10731753870273053
2008-10-23,-0.036352859035849505
2008-10-24,-0.0715772511836068
2008-10-27,-0.06723151145240536
2008-10-28,0.12598216017917174
2008-10-29,0.04274305223108499
2008-10-30,0.07207035244654136
2008-10-31,-0.005140160703017926
2008-11-03,0.026277569505934295
2008-11-04,0.05111680361200399
2008-11-05,-0.06329555610081705
2008-11-06,-0.03841439035404548
2008-11-07,0.008298348248681364
2008-11-10,0.003022836958164632
2008-11-11,0.013128582094234176
2008-11-12,-0.0806735759436652
2008-11-13,0.04602401045039706
2008-11-14,-0.005683891482886949
2008-11-17,-0.002013817702927412
2008-11-18,-0.046476019946462443
2008-11-19,-0.020445156595176428
2008-11-21,-0.06665421370701807
2008-11-24,0.08985257923482592
2008-11-25,0.018086925336204374
2008-11-26,0.046499124579137074
2008-11-27,-0.0070718344334892436
2008-11-28,0.01052077443018895
2008-12-01,-0.0520183991566725
2008-12-02,0.007456086849213506
2008-12-03,0.008421341982225883
2008-12-04,-0.004799441232639978
2008-12-05,0.006214989852454167
2008-12-08,0.07984465145321629
2008-12-09,-0.008314474871678357
2008-12-10,0.02692050527946499
2008-12-11,-0.012512578919908535
2008-12-12,0.021954073944931096
2008-12-15,-0.0271337468952364
2008-12-16,0.04273248569699106
2008-12-17,-0.0011508632743861824
2008-12-18,-0.010341926279009428
2008-12-19,-0.010296657510968643
2008-12-22,-0.03940574982122769
2008-12-23,-0.030991817672290978
2008-12-26,0.010718040831658726
2008-12-29,0.005302755783787916
2008-12-30,0.013135157352929028
2009-01-02,0.06928754621966071
2009-01-05,0.031190229359365773
2009-01-06,0.01891957997450966
2009-01-07,-0.03589857638197991
2009-01-08,0.02828315222491895
2009-01-09,-0.0097638797072932
2009-01-12,-0.05384947436212251
2009-01-13,0.003572020467455417
2009-01-14,-0.040301612712603685
2009-01-15,0.03031360160271035
2009-01-16,0.004866685614773658
2009-01-19,-0.013151014659557703
2009-01-20,-0.04089926133548438
2009-01-21,0.033532126646198535
2009-01-22,-0.016981712950524752
2009-01-23,0.006261036421161492
2009-01-26,0.009838155577105212
2009-01-27,0.004921779700165274
2009-01-28,0.03872465205701303
2009-01-29,-0.014750157863458568
2009-01-30,-0.008538290258046644
2009-02-02,-0.016289302933799377
2009-02-03,0.027573705643785473
2009-02-04,0.009564898401038135
2009-02-05,0.024127810677040173
2009-02-06,0.0392824607795248
2009-02-09,-0.015461795723362926
2009-02-10,-0.021439595852099202
2009-02-11,-0.008799247541270816
2009-02-12,-0.008482232129274792
2009-02-13,0.028550767982316927
2009-02-16,0.003999286896659626
2009-02-17,-0.04882959995095604
2009-02-18,-0.00435105878779396
2009-02-19,0.0014105085205891044
2009-02-20,-0.02587944798781905
2009-02-25,-0.012554260562829711
2009-02-26,-0.0013610429782566769
2009-02-27,7.857208338002408e-05
2009-03-02,-0.052364887819736694
2009-03-03,0.006409661161411506
2009-03-04,0.0516743778480695
2009-03-05,-0.027268057864073825
2009-03-06,-0.0070897522845552174
2009-03-09,-0.009858433714835968
2009-03-10,0.05439807463865165
2009-03-11,0.0002577319601897443
2009-03-12,0.008902402394213027
2009-03-13,-0.0035053191315910226
2009-03-16,-0.010512580389086423
2009-03-17,0.023145506971456342
2009-03-18,0.015844053586206996
2009-03-19,0.007717638653653935
2009-03-20,-0.009363154993938139
2009-03-23,0.057290099394441185
2009-03-24,-0.02295280409542677
2009-03-25,0.007757469103532699
2009-03-26,0.018723588169837768
2009-03-27,-0.01614312655587824
2009-03-30,-0.030380243404836804
2009-03-31,0.006692923891950642
2009-04-01,0.02533246848377324
2009-04-02,0.04107353520828738
2009-04-03,0.014865184595809211
2009-04-06,-0.005058842289008325
2009-04-07,-0.007773473092200334
2009-04-08,0.008113035512694822
2009-04-09,0.030251635356894013
2009-04-13,0.009898366644103263
2009-04-14,-0.012558966078513478
2009-04-15,-0.0031976739379544483
2009-04-16,0.016473898814618693
2009-04-17,-0.00538110074868392
2009-04-20,-0.02982118975751291
2009-04-22,0.01018806183572707
2009-04-23,0.020135426494244157
2009-04-24,0.02097880833515653
2009-04-27,-0.02056405625272184
2009-04-28,2.1824292620209462e-05
2009-04-29,0.03022326162282063
2009-04-30,0.0013330937149937938
2009-05-04,0.06379151985012044
2009-05-05,0.005243642981913155
2009-05-06,0.016228370517621826
2009-05-07,-0.028380056857447045
2009-05-08,0.026378015273241573
2009-05-11,-0.008205414693597035
2009-05-12,-0.012833091559661725
2009-05-13,-0.03327411657681978
2009-05-14,0.015633439418145656
2009-05-15,-0.00891801995892827
2009-05-18,0.04889995781093681
2009-05-19,-0.002256590783478174
2009-05-20,-0.0019884597943065074
2009-05-21,-0.02285655890166005
2009-05-22,0.009557471788131267
2009-05-25,0.0048923004546725934
2009-05-26,0.019970076356754518
2009-05-27,-0.0009456447975360049
2009-05-28,0.0238295022113153
2009-05-29,0.002955602260760415
2009-06-01,0.023922986279782066
2009-06-02,-0.008959741371471708
2009-06-03,-0.03606864909383667
2009-06-04,0.026093132738331803
2009-06-05,-0.002303263974093639
2009-06-08,0.005403346760157746
2009-06-09,-0.008858814150791261
2009-06-10,0.004766918417926647
2009-06-12,0.0027484615643214028
2009-06-15,-0.02886782775528296
2009-06-16,-0.016040638391464412
2009-06-17,-0.00312952569310454
2009-06-18,-0.0028053260705345195
2009-06-19,0.00921034699086043
2009-06-22,-0.03726055353499369
2009-06-23,0.006424414648741106
2009-06-24,-0.0028546749579199115
2009-06-25,0.03643163333443944
2009-06-26,-0.0005631013439924004
2009-06-29,0.012584123450412932
2009-06-30,-0.012992084524929837
2009-07-01,0.001533846857819654
2009-07-02,-0.010120103140433656
2009-07-03,-0.0017653986538785915
2009-07-06,-0.006164045630484338
2009-07-07,-0.023282659232675584
2009-07-08,-0.005657236155524714
2009-07-10,0.0008739926775103157
2009-07-13,-0.000691000759143634
2009-07-14,-0.006404264189569631
2009-07-15,0.04840717418242413
2009-07-16,0.012033279918091111
2009-07-17,0.002961825417429509
2009-07-20,0.02058479747048203
2009-07-21,0.0014851162153988184
2009-07-22,-0.003028965601380662
2009-07-23,0.02191623471636639
2009-07-24,0.003826840355481309
2009-07-27,0.0016879808789322936
2009-07-28,-0.0014125721247015832
2009-07-29,-0.013622249887548676
2009-07-30,0.013732392154755857
2009-07-31,0.005272612998616921
2009-08-03,0.02224641236517577
2009-08-04,0.0007140562265615102
2009-08-05,0.006155398275486945
2009-08-06,-0.011218337896387709
2009-08-07,0.010260160489297121
2009-08-10,0.008837102402408092
2009-08-11,-0.018989655014705065
2009-08-12,0.014722248302362573
2009-08-13,0.008096070129314015
2009-08-14,-0.0072128806984395055
2009-08-17,-0.025391150942787988
2009-08-18,0.00957048587484799
2009-08-19,0.007274059150081058
2009-08-20,0.011948419384474107
2009-08-21,0.015677695412353643
2009-08-24,0.000796509253913058
2009-08-25,-0.006146066084518509
2009-08-26,0.005990277230029761
2009-08-27,-0.0010738721045839839
2009-08-28,-5.19908149687609e-05
2009-08-31,-0.021228575454104615
2009-09-01,-0.012003278465602563
2009-09-02,-0.0077157962306273475
2009-09-03,0.0057789580504987725
2009-09-04,0.016821479065582068
2009-09-08,0.021012588976150326
2009-09-09,0.0009502009093989017
2009-09-10,0.010751868344030413
2009-09-11,-0.0029084210678114175
2009-09-14,0.008564120787948326
2009-09-15,0.006704389721848614
2009-09-16,0.01916916854066386
2009-09-17,-0.002901027339806461
2009-09-18,0.007722940013325186
2009-09-21,0.003699718931002849
2009-09-22,0.0092305080272439
2009-09-23,-0.01634610004756709
2009-09-24,-0.007466311998575392
2009-09-25,0.00514942750140257
2009-09-28,0.015796766476345425
2009-09-29,-0.0013382076544985466
2009-09-30,0.004610893442757558
2009-10-01,-0.01736436556254617
2009-10-02,0.011724119132415112
2009-10-05,0.019378788574250905
2009-10-06,0.004830463647204297
2009-10-07,-0.0005266980147133893
2009-10-08,0.017753911789339938
2009-10-09,0.004865808975996089
2009-10-13,0.00893438822938819
2009-10-14,0.02376933688170979
2009-10-15,0.007554360852310538
2009-10-16,-0.007569466478400955
2009-10-19,0.015572973386920097
2009-10-20,-0.029215459295745205
2009-10-21,0.002798402303305636
2009-10-22,0.009861728140567294
2009-10-23,-0.01640355697822926
2009-10-26,0.0004149218239248853
2009-10-27,-0.030022450256028677
2009-10-28,-0.04864609829783362
2009-10-29,0.05747325480862031
2009-10-30,-0.03472931587458561
2009-11-03,0.017667080552156378
2009-11-04,0.020070840315256078
2009-11-05,0.014029702889043705
2009-11-06,-0.005414533424355383
2009-11-09,0.026753967910700283
2009-11-10,0.0013432240902151449
2009-11-11,0.0019286699666629659
2009-11-12,-0.03030511790746182
2009-11-13,0.013531422268421522
2009-11-16,0.019719781432662842
2009-11-17,0.01162413393048034
2009-11-18,-0.013291514501993618
2009-11-19,-0.00284546611447567
2009-11-23,0.007240747894986299
2009-11-24,0.007575003043596595
2009-11-25,0.008873566366503383
2009-11-26,-0.02270980412013124
2009-11-27,0.010339184360493192
2009-11-30,-0.0005666313916279364
2009-12-01,0.02215593247259484
2009-12-02,0.0010061169839890027
2009-12-03,-0.004381807931144621
2009-12-04,-0.010462208894470137
2009-12-07,0.013341759511291684
2009-12-08,-0.011494463795584053
2009-12-09,0.004169711583550395
2009-12-10,0.010472525140515998
2009-12-11,0.007811916969220789
2009-12-14,0.0011831247412299462
2009-12-15,-0.0005481032879171011
2009-12-16,-0.009990440731154848
2009-12-17,-0.022906152951572167
2009-12-18,-0.00409377392633381
2009-12-21,-0.013095523909877116
2009-12-22,0.022394312338658295
2009-12-23,0.0025332033367746476
2009-12-28,0.004620241297075722
2009-12-29,0.005785710496146734
2009-12-30,0.00426639260859929
2010-01-04,0.02102030033147173
2010-01-05,0.002780056678783893
2010-01-06,0.006937723348787728
2010-01-07,-0.003938239967540724
2010-01-08,-0.002672088233735437
2010-01-11,0.002416558860662832
2010-01-12,-0.005081535961460659
2010-01-13,0.004399804906354277
2010-01-14,-0.008331835966663093
2010-01-15,-0.011860723136180695
2010-01-18,0.006113663453763962
2010-01-19,0.007293119685462202
2010-01-20,-0.024749831466895245
2010-01-21,-0.028707258749280484
2010-01-22,-0.0007547739810362941
2010-01-26,-0.0105660443767146
2010-01-27,-0.006952874235492956
2010-01-28,0.00792913888072988
2010-01-29,-0.0028399133523038245
2010-02-01,0.01773122968916141
2010-02-02,0.008838431933309465
2010-02-03,-0.0008043375076152159
2010-02-04,-0.04846686189463689
2010-02-05,-0.01848557338591661
2010-02-08,0.0061946257367502255
2010-02-09,0.024479016317799918
2010-02-10,0.005132207706346037
2010-02-11,0.016435802211795192
2010-02-12,-0.0041520243913009125
2010-02-17,0.021481973742494276
2010-02-18,0.008155698287648505
2010-02-19,-0.0035294241152232786
2010-02-22,-0.006128479424091893
2010-02-23,-0.016145355663258698
2010-02-24,-0.004745920676475279
2010-02-25,0.004942549253291517
2010-02-26,0.005760662570816422
2010-03-01,0.010842767988107127
2010-03-02,0.008162585041114667
2010-03-03,-0.0020381043829491574
2010-03-04,0.002569101342192681
2010-03-05,0.015103241825906721
2010-03-08,-0.003958614416916362
2010-03-09,0.014491643463795612
2010-03-10,0.005775516752892784
2010-03-11,-0.0013441631034858403
2010-03-12,-0.007814672093761743
2010-03-15,-0.004582091636363472
2010-03-16,0.013212056959005736
2010-03-17,-0.003136078179766244
2010-03-18,-0.00037297375270917144
2010-03-19,-0.012532107477140286
2010-03-22,0.003089847313241023
2010-03-23,0.004984515012095514
2010-03-24,-0.006854690614266801
2010-03-25,-0.006858168193389247
2010-03-26,0.003515044640151288
2010-03-29,0.01812171764935755
2010-03-30,0.0003002165870764628
2010-03-31,0.005871806626398524
2010-04-01,0.010798081004987026
2010-04-05,0.002162527347751464
2010-04-06,-0.0027249886933642387
2010-04-07,-0.004270950680963281
2010-04-08,0.01391541482444758
2010-04-09,-0.005139604336196868
2010-04-12,-0.011307511119881042
2010-04-13,0.0025175748414696386
2010-04-14,0.003426713358990696
2010-04-15,-0.007219635905526545
2010-04-16,-0.015763662018040137
2010-04-19,-0.004663628605779735
2010-04-20,0.0031788259342420133
2010-04-22,0.0009805053271421116
2010-04-23,0.0017711225336114467
2010-04-26,-0.009206531234035253
2010-04-27,-0.03488236183932081
2010-04-28,0.0021777175622279543
2010-04-29,0.019639058338849935
2010-04-30,-0.006612179830661091
2010-05-03,-0.006104780227701667
2010-05-04,-0.034097311699181176
2010-05-05,0.0006934652736241276
2010-05-06,-0.023378659678225944
2010-05-07,-0.00859964914934963
2010-05-10,0.040247319715955854
2010-05-11,-0.015830571283443007
2010-05-12,0.01232574282218124
2010-05-13,-0.006707098336459438
2010-05-14,-0.021467283043168806
2010-05-17,-0.008647640959832614
2010-05-18,-0.03274157321023807
2010-05-19,-0.019116154995685974
2010-05-20,-0.025399860570592736
2010-05-21,0.034904050563770994
2010-05-24,-0.005725047673923456
2010-05-25,-0.012275656044382188
2010-05-26,0.016854990469582276
2010-05-27,0.031110930604516085
2010-05-28,-0.0023379754117502927
2010-05-31,0.017601299241762902
2010-06-01,-0.019313905082528393
2010-06-02,0.01766298003099287
2010-06-04,-0.020334678633567194
2010-06-07,-0.008025503155996816
2010-06-08,0.010939729872811554
2010-06-09,-0.0061134499399884135
2010-06-10,0.025216548770986336
2010-06-11,0.008779881751255658
2010-06-14,-0.0011326276596630436
2010-06-15,0.014206138501851484
2010-06-16,0.004783550025470262
2010-06-17,-0.0032484637049314813
2010-06-18,-0.001597159566989248
2010-06-21,0.006049512906445287
2010-06-22,-0.0002776920721334619
2010-06-23,0.005370441695619732
2010-06-24,-0.018947560189428003
2010-06-25,0.013777681614008941
2010-06-28,-0.009283362162477715
2010-06-29,-0.03561305963068406
2010-06-30,-0.016955350294775684
2010-07-01,0.004911118799347136
2010-07-02,0.003163063306001135
2010-07-05,-0.009240018314276455
2010-07-06,0.019523926106352008
2010-07-07,0.019450309618905592
2010-07-08,0.0030293491137793893
2010-07-12,-0.008162277591448941
2010-07-13,0.011465154093977858
2010-07-14,-0.0032556156620646703
2010-07-15,0.00015752000536650712
2010-07-16,-0.01827942940102112
2010-07-19,0.015250701516695386
2010-07-20,0.018253481132441962
2010-07-21,0.00021715526686882924
2010-07-22,0.019520681282866548
2010-07-23,0.008707492682839657
2010-07-26,0.0018076922205612078
2010-07-27,0.0034706345826904794
2010-07-28,0.002007762020557635
2010-07-29,0.002182982580691828
2010-07-30,0.008343978981386613
2010-08-02,0.014732094247289496
2010-08-03,-0.007618303104459656
2010-08-04,0.004036139889807444
2010-08-05,0.002048521391801117
2010-08-06,-0.004644458816523311
2010-08-09,-0.003427557655875546
2010-08-10,-0.009460780489424891
2010-08-11,-0.0215475997777137
2010-08-12,0.002671606677237648
2010-08-13,0.004507305520817795
2010-08-16,0.0065881741835713825
2010-08-17,0.013136331164208315
2010-08-18,0.0007986866467071252
2010-08-19,-0.011165326919238439
2010-08-20,-0.0031445625025430246
2010-08-23,-0.010478088311815625
2010-08-24,-0.012597583061493722
2010-08-25,-0.005432495912472746
2010-08-26,-0.014549102521174362
2010-08-27,0.026544215205397848
2010-08-30,-0.020394095920211797
2010-08-31,0.013662639307996827
2010-09-01,0.02916602384362932
2010-09-02,-0.003958744647595935
2010-09-03,-0.0019327730813909483
2010-09-06,0.0010192916805937813
2010-09-08,-0.005106879837470046
2010-09-09,0.0032624003798424894
2010-09-10,0.0027429924791260163
2010-09-13,0.01815561817462985
2010-09-14,-0.004995479100418976
2010-09-15,0.006111993341779254
2010-09-16,-0.006540496174238797
2010-09-17,-0.008519405600690533
2010-09-20,0.016277830419872075
2010-09-21,-0.006931136063011323
2010-09-22,0.008908941344580867
2010-09-23,0.00684080001988896
2010-09-24,-0.008730619731036171
2010-09-27,0.009050363938396089
2010-09-28,0.0059691290213717
2010-09-29,0.0
2010-09-30,0.0029136457024296902
2010-10-01,0.011442280375140612
2010-10-04,0.0022188411396069085
2010-10-05,0.012677697539055899
2010-10-06,-0.01046376875772026
2010-10-07,-0.008870974242084273
2010-10-08,0.012662984445670489
2010-10-11,0.0019329130211200862
2010-10-13,0.010222987483462731
2010-10-14,0.00023715359991705043
2010-10-15,0.0019230507173588762
2010-10-18,-0.0013095024369640385
2010-10-19,-0.026442218538313966
2010-10-20,0.0077137882578437456
2010-10-21,-0.01075286855213875
2010-10-22,-0.0017531007062103754
2010-10-25,0.0007188556128703283
2010-10-26,0.016534014053538826
2010-10-27,-0.0024202291923316466
2010-10-28,-0.0035347012080819695
2010-10-29,0.005007351252620751
2010-11-01,0.012486628200647942
2010-11-03,0.00479557050815238
2010-11-04,0.015058841788226474
2010-11-05,-0.0053433092110246605
2010-11-08,0.0006884018335533426
2010-11-09,-0.013551920072595536
2010-11-10,-0.0005721582382882673
2010-11-11,-0.006203068205255846
2010-11-12,-0.01169818796658717
2010-11-16,-0.016839154262161316
2010-11-17,0.0074441852470368275
2010-11-18,0.015261168851093743
2010-11-19,0.0016516212931563246
2010-11-22,-0.018003631491959382
2010-11-23,-0.02442230317059746
2010-11-24,0.024364857492649605
2010-11-25,-0.0038419801055891156
2010-11-26,-0.01651344324936055
2010-11-29,-0.0046718759222521555
2010-11-30,-0.0029938155135997846
2010-12-01,0.023948434219905224
2010-12-02,0.002606699682292657
2010-12-03,0.0034316187394729525
2010-12-06,-0.0030721108300220124
2010-12-07,-0.0030815777859825033
2010-12-08,-0.016915167728802416
2010-12-09,-0.004351220353928653
2010-12-10,0.006797803318717044
2010-12-13,0.011406414587531444
2010-12-14,-0.005556013102932411
2010-12-15,-0.012780802465371721
2010-12-16,-0.008344724992818797
2010-12-17,0.009978868645811545
2010-12-20,-0.010603079114174463
2010-12-21,0.014039306760350811
2010-12-22,0.0037458159479530906
2010-12-23,0.00021904685499762877
2010-12-27,-0.010022903062731459
2010-12-28,0.0035040229015219637
2010-12-29,0.013300145688520004
2010-12-30,0.005106443320219256
2011-01-03,0.00943518384089792
2011-01-04,0.005075574055547705
2011-01-05,0.010932934956738194
2011-01-06,-0.007228096691385133
2011-01-07,-0.007423453414219239
2011-01-10,0.0009986875223706448
2011-01-11,0.004212030417875212
2011-01-12,0.017035947289256725
2011-01-13,-0.012813303141490096
2011-01-14,0.003091890844567402
2011-01-17,-0.004676834217464787
2011-01-18,0.0043948660779946636
2011-01-19,-0.012229010803887164
2011-01-20,-0.007105029172960187
2011-01-21,-0.006186255714236921
2011-01-24,0.004243655329254636
2011-01-26,-0.010395645829383682
2011-01-27,-0.009622770948141124
2011-01-28,-0.02008245660212893
2011-01-31,-0.0018458357645272372
2011-02-01,0.01892603842281737
2011-02-02,-0.017230143431966383
2011-02-03,0.0011539644450806463
2011-02-04,-0.022661799580582453
2011-02-07,0.0014238582834416036
2011-02-08,0.006237961859417496
2011-02-09,-0.023895466467910964
2011-02-10,0.0055902502799227705
2011-02-11,0.018077126137047372
2011-02-14,0.012122826337314763
2011-02-15,-0.0032656407173572433
2011-02-16,0.018370789654570174
2011-02-17,0.0016856927159594193
2011-02-18,0.005627924572362275
2011-02-21,-0.011941675686182762
2011-02-22,-0.012251553778835245
2011-02-23,0.007049148049631526
2011-02-24,0.000582702711113825
2011-02-25,-0.0006873263277498154
2011-02-28,0.007148951406676929
2011-03-01,-0.017062961678245614
2011-03-02,0.015562942832399784
2011-03-03,0.012759720623829907
2011-03-04,-0.0019683021675120926
2011-03-09,-0.011058984940753191
2011-03-10,-0.01834941397922485
2011-03-11,0.009704278799096855
2011-03-14,0.007231791494962891
2011-03-15,-0.002444588097128886
2011-03-16,-0.015067047933337463
2011-03-17,0.0032219300442406507
2011-03-18,0.009977843193350822
2011-03-21,-0.0028449521322304605
2011-03-22,0.013227469649399026
2011-03-23,0.0032207098621928054
2011-03-24,-0.003886828855671709
2011-03-25,0.003444226939357975
2011-03-28,-0.008491518802779652
2011-03-29,0.00335780186525092
2011-03-30,0.008536709253871066
2011-03-31,0.008639425844602755
2011-04-01,0.009880026689465637
2011-04-04,0.006274665839081095
2011-04-05,0.0019205693080106556
2011-04-06,-0.01153568147661943
2011-04-07,0.002011388897752653
2011-04-08,-0.0066428080144955715
2011-04-11,-0.008094607398486886
2011-04-12,-0.0187773916309375
2011-04-13,-0.006147775431966096
2011-04-14,-0.003118294245242126
2011-04-15,0.006091939148783254
2011-04-18,-0.019213454122944285
2011-04-19,0.011294230549598439
2011-04-20,0.013512096042724409
2011-04-25,-0.0012832949608654332
2011-04-26,0.002564945186229295
2011-04-27,-0.013192803484564308
2011-04-28,-0.008958881176260647
2011-04-29,0.006979983727678274
2011-05-02,-0.010182768310277979
2011-05-03,-0.01764556767719938
2011-05-04,-0.010974518825793922
2011-05-05,-0.0032907455910375916
2011-05-06,0.015803307987205528
2011-05-09,0.003177336657355312
2011-05-10,0.003938259439609126
2011-05-11,-0.01711622549685643
2011-05-12,0.003553013230687796
2011-05-13,-0.012072011929133097
2011-05-16,-0.006425278917083332
2011-05-17,0.013327944456001717
2011-05-18,-0.013152884179119084
2011-05-19,-0.0075714373586510675
2011-05-20,0.0036810643019222766
2011-05-23,-0.004033877186460089
2011-05-24,0.01578620010483256
2011-05-25,0.0008048925271797458
2011-05-26,0.011154194100345904
2011-05-27,0.0030531045414949887
2011-05-30,-0.005317792787348452
2011-05-31,0.01035988546129829
2011-06-01,-0.018886612425543348
2011-06-02,0.012646197259483571
2011-06-03,0.0019135188906407308
2011-06-06,-0.01998355474569813
2011-06-07,0.0023755613534532927
2011-06-08,-0.00293067195366703
2011-06-09,0.006893198944210255
2011-06-10,-0.012237998115008253
2011-06-13,-0.010808315608716867
2011-06-14,0.002930098370947931
2011-06-15,-0.00970857887023513
2011-06-16,-0.011805664322105613
2011-06-17,0.00293584813261738
2011-06-20,0.0017671896473245852
2011-06-21,0.004176461304385981
2011-06-22,-0.003751492762006592
2011-06-24,-0.0028966316249672275
2011-06-27,0.00327241485148555
2011-06-28,0.017584650004179636
2011-06-29,0.0004974445893157764
2011-06-30,0.001122352568554419
2011-07-01,0.01573984385581717
2011-07-04,0.007809286652646463
2011-07-05,-0.013424923913824216
2011-07-06,-0.007547566162624975
2011-07-07,-0.0057384827111306436
2011-07-08,-0.011218999017645004
2011-07-11,-0.02117759062532798
2011-07-12,-0.00865517497756585
2011-07-13,0.016033572968858323
2011-07-14,-0.01646914223125684
2011-07-15,-0.00337370344413479
2011-07-18,-0.010818591605932681
2011-07-19,0.0041384048208374935
2011-07-20,0.0006429671462253594
2011-07-21,0.01914904009118601
2011-07-22,0.00011615076382121003
2011-07-25,-0.004973355449392258
2011-07-26,-0.010577497182884699
2011-07-27,-0.01788737459646761
2011-07-28,0.007179763482744406
2011-07-29,0.0019569311364673325
2011-08-01,-0.004890985303690698
2011-08-02,-0.021149372208528305
2011-08-03,-0.022837361277963097
2011-08-04,-0.05893571374806328
2011-08-05,0.0026096837806370843
2011-08-08,-0.08430745620260893
2011-08-09,0.0497603126234587
2011-08-10,0.004758848916223357
2011-08-11,0.03720186867703568
2011-08-12,0.002434093472615473
2011-08-15,0.021808956861704587
2011-08-16,-0.006019692234419338
2011-08-17,0.013693459670099273
2011-08-18,-0.035842553251185905
2011-08-19,-0.012994822099315684
2011-08-22,-0.00015254366591932467
2011-08-23,0.025362143385899927
2011-08-24,0.00016731267990266474
2011-08-25,-0.015794387295050782
2011-08-26,0.007487994048297253
2011-08-29,0.027909991846057025
2011-08-30,0.009506085408290232
2011-08-31,0.019843339692313222
2011-09-01,0.028323287886497184
2011-09-02,-0.027668577041801257
2011-09-05,-0.027510028570970846
2011-09-06,0.028835831538751577
2011-09-08,0.017806495113376286
2011-09-09,-0.03255962117574285
2011-09-12,-0.0016687155662555853
2011-09-13,-0.002535311394090911
2011-09-14,0.013270336920896852
2011-09-15,0.0016863859428966066
2011-09-16,0.014596485965670425
2011-09-19,-0.0018720535940648375
2011-09-20,-0.012759905943799055
2011-09-21,-0.007066538248087895
2011-09-22,-0.04946918426235136
2011-09-23,-0.0009388790474673669
2011-09-26,0.009684309828497106
2011-09-27,0.0031950095908879206
2011-09-28,-0.012128145675143642
2011-09-29,0.002156486701357707
2011-09-30,-0.02007465080428439
2011-10-03,-0.0297162949578329
2011-10-04,-0.002089123525344405
2011-10-05,0.006450366514521022
2011-10-06,0.02470504334271517
2011-10-07,-0.020206610205852016
2011-10-10,0.038831098225275085
2011-10-11,0.010549901324512945
2011-10-13,0.014072660057481201
2011-10-14,0.007826293470211354
2011-10-17,-0.020543952345887462
2011-10-18,0.02058029549793261
2011-10-19,-0.0012000219625871722
2011-10-20,-0.01754559765632635
2011-10-21,0.022789619435945596
2011-10-24,0.029195899667236347
2011-10-25,-0.010708897336112244
2011-10-26,0.015128561480802105
2011-10-27,0.0365288779470756
2011-10-28,0.0040915002819001955
2011-10-31,-0.019941094026071582
2011-11-01,-0.017551742712210938
2011-11-03,0.015114684509777376
2011-11-04,0.008111899084626728
2011-11-07,0.008976126917628946
2011-11-08,-0.002926625053595089
2011-11-09,-0.025323889633911634
2011-11-10,-0.003969640981315692
2011-11-11,0.021145356286528028
2011-11-14,-0.0049484284016436675
2011-11-16,0.005170447581596349
2011-11-17,-0.027193602898156755
2011-11-18,-0.004537468214124374
2011-11-21,-0.007892728734008259
2011-11-22,-0.0072573270391913525
2011-11-23,-0.016346778074970203
2011-11-24,0.005587214766809012
2011-11-25,-0.007007126533961738
2011-11-28,0.020251163169785258
2011-11-29,-0.01288230756694908
2011-11-30,0.028082968742825898
2011-12-01,0.02204961611560563
2011-12-02,-0.004429934245530731
2011-12-05,0.017535296392406252
2011-12-06,0.010570316070671382
2011-12-07,-0.014771967187432011
2011-12-08,-0.020807171707238226
2011-12-09,0.013501687501483062
2011-12-12,-0.015383188378827128
2011-12-13,0.0025774556683746397
2011-12-14,-0.014858958180855808
2011-12-15,-0.005594024040988188
2011-12-16,-0.00416267011584992
2011-12-19,-0.014345593653944277
2011-12-20,0.027943296127418193
2011-12-21,-0.0037350948125656203
2011-12-22,0.012193026560179732
2011-12-23,0.006136535002381649
2011-12-26,-0.0005547369475706887
2011-12-27,0.005809446288537856
2011-12-28,-0.025686986654378074
2011-12-29,0.003883911386095562
2012-01-03,0.043292774072375195
2012-01-04,0.0016859145862930802
2012-01-05,-0.013892057084987641
2012-01-06,0.0009219265501982932
2012-01-09,0.008208538396303311
2012-01-10,0.012162755392312263
2012-01-11,0.0026050378769095772
2012-01-12,-0.0006840002602288564
2012-01-13,-0.013001157362351634
2012-01-16,0.013585089242438286
2012-01-17,0.011442721162101321
2012-01-18,0.01760295189374439
2012-01-19,0.0032996390633162065
2012-01-20,0.006197751630136139
2012-01-23,0.0011868676111355114
2012-01-24,0.001601640421824868
2012-01-26,0.007445884574726946
2012-01-27,-0.0007786615361204952
2012-01-30,-0.0021325023597746906
2012-01-31,0.004799678640869942
2012-02-01,0.023426513383816072
2012-02-02,0.00040260143002868176
2012-02-03,0.009614125358996972
2012-02-06,0.00010732821745840226
2012-02-07,0.01056887549627028
2012-02-08,-0.0013055228499077032
2012-02-09,-0.0045827989555675686
2012-02-10,-0.023656220180024334
2012-02-13,0.02612531960393305
2012-02-14,-0.009990062507709396
2012-02-15,0.005045752114801516
2012-02-16,0.011771103901264013
2012-02-17,0.000936938094623585
2012-02-23,-0.005817140563099343
2012-02-24,0.0018669889988522925
2012-02-27,-0.01070262685908574
2012-02-28,0.010945231218055795
2012-02-29,-0.0022311443486131566
2012-03-01,0.01505057741298188
2012-03-02,0.014443903035461503
2012-03-05,-0.012141511419308415
2012-03-06,-0.028015581696319458
2012-03-07,0.013772704759842824
2012-03-08,0.013406256832700691
2012-03-09,-0.0030536203113218363
2012-03-12,-0.004793793790575762
2012-03-13,0.029813974134832222
2012-03-14,-0.002005108574401504
2012-03-15,-0.007470293405019035
2012-03-16,-0.0009598842968969734
2012-03-19,0.0006793980204324868
2012-03-20,-0.0064284137065229174
2012-03-21,-0.0064999185283358685
2012-03-22,-0.015555601258816054
2012-03-23,-0.00022789252687260841
2012-03-26,0.01316265286809326
2012-03-27,-0.00976484906819941
2012-03-28,-0.01461327447712435
2012-03-29,-0.0031858188867772697
2012-03-30,-0.005580345745613613
2012-04-02,0.010869085703616221
2012-04-03,-0.014394070913436252
2012-04-04,-0.011814272127260494
2012-04-05,0.002546770752422489
2012-04-09,-0.012131508665410351
2012-04-10,-0.019012132007199867
2012-04-11,-0.007233980713589716
2012-04-12,0.028389293861975418
2012-04-13,-0.015212335158093282
2012-04-16,-0.0024342875612113346
2012-04-17,0.011937183479915348
2012-04-18,0.004947945405593401
2012-04-19,-0.006240667243494258
2012-04-20,-0.001982224576408953
2012-04-23,-0.015399431965951393
2012-04-24,0.006995413516115434
2012-04-25,-0.0035725581761383296
2012-04-26,0.007228869379249048
2012-04-27,-0.00818479171450015
2012-04-30,0.0020888835311332343
2012-05-02,0.009722880110491161
2012-05-03,-0.0051394177110815065
2012-05-04,-0.020875275029446527
2012-05-07,0.0065388094433345145
2012-05-08,-0.014064466732916614
2012-05-09,-0.009637946949032639
2012-05-10,-0.0014059991603811994
2012-05-11,-0.004314005364427942
2012-05-14,-0.03257115718710679
2012-05-15,-0.02288767313099882
2012-05-16,-0.00624299692792718
2012-05-17,-0.03366218527985332
2012-05-18,0.008751702550407359
2012-05-21,0.03739308581940293
2012-05-22,-0.02779026629904635
2012-05-23,-0.007660217289400251
2012-05-24,-0.010231774361741941
2012-05-25,0.0073715388260477965
2012-05-28,0.013676860771656862
2012-05-29,-0.010560337020157462
2012-05-30,-0.015401804026240029
2012-05-31,0.012780906839456208
2012-06-01,-0.020150274431602
2012-06-04,0.00026212319940377427
2012-06-05,-0.01767784803046979
2012-06-06,0.03141757130052447
2012-06-08,0.00504670181324407
2012-06-11,-0.0079129075347808
2012-06-12,0.019221132788102224
2012-06-13,0.010876349312606948
2012-06-14,-0.0053872548155258215
2012-06-15,0.013512142920319548
2012-06-18,0.0016028498534002011
2012-06-19,0.01763869700740628
2012-06-20,-0.00048967315296089
2012-06-21,-0.02950370204006525
2012-06-22,-0.0011717519029623702
2012-06-25,-0.029934955229292015
2012-06-26,0.0005945634778736775
2012-06-27,-0.013614557718979015
2012-06-28,-0.00864218084809032
2012-06-29,0.031832381092803175
2012-07-02,0.006199124833473846
2012-07-03,0.0196796517099056
2012-07-04,0.005310364088950692
2012-07-05,0.005371002454278795
2012-07-06,-0.017625464103652178
2012-07-10,-0.03094655752206421
2012-07-11,-0.0025541845626779747
2012-07-12,-0.0027666154668910536
2012-07-13,0.016891039343935432
2012-07-16,-0.01724676798290581
2012-07-17,0.009449241408974629
2012-07-18,0.012425039101083613
2012-07-19,0.013899978185362372
2012-07-20,-0.021033803876024493
2012-07-23,-0.021655435960846958
2012-07-24,-0.00747592743073433
2012-07-25,-0.0005890904424177279
2012-07-26,0.0261714011429639
2012-07-27,0.046138650976207174
2012-07-30,0.012092173283249963
2012-07-31,-0.020188089673201404
2012-08-01,-0.00848555037910792
2012-08-02,-0.001853468585276019
2012-08-03,0.0307716586667528
2012-08-06,0.01885869039276855
2012-08-07,-0.01066598665088847
2012-08-08,0.02099891176073143
2012-08-09,-0.002615757173082045
2012-08-10,0.008198016746534975
2012-08-13,-0.002668830339882078
2012-08-14,-0.017746997526346675
2012-08-15,0.0018233113624273045
2012-08-16,0.021372004004138745
2012-08-17,-0.006142027947984019
2012-08-20,0.0033962775010554225
2012-08-21,-0.0061759403077648045
2012-08-22,0.007827663193900491
2012-08-23,-0.014742448473885617
2012-08-24,-0.001470865167947366
2012-08-27,-0.005406021558091112
2012-08-28,0.005063649601856568
2012-08-29,-0.017914536533897518
2012-08-30,-0.0019716473126507594
2012-08-31,-0.003411569392662628
2012-09-03,0.003848109556924939
2012-09-04,-0.01844742442246705
2012-09-05,0.01114089579414923
2012-09-06,0.025299782357564027
2012-09-10,0.00142214630951365
2012-09-11,0.017296976171826017
2012-09-12,0.00836235967790877
2012-09-13,0.03341301964903387
2012-09-14,0.002369764858070056
2012-09-17,-0.004826053866544555
2012-09-18,-3.235984143934445e-05
2012-09-19,-0.002462417003698647
2012-09-20,0.000583752246186009
2012-09-21,-0.00598336852704584
2012-09-24,0.009575663527526146
2012-09-25,-0.023021823705326128
2012-09-26,-0.00038023128438879894
2012-09-27,-0.003943079049786746
2012-09-28,-0.017820529206071356
2012-10-01,0.0066528241874372895
2012-10-02,-0.005875783995634265
2012-10-03,-0.010097753154242994
2012-10-04,-0.002886793651867947
2012-10-05,0.001948219021752351
2012-10-08,0.012639176135346375
2012-10-09,-0.006392932069255508
2012-10-10,-0.008228676270185531
2012-10-11,0.012005109408349313
2012-10-15,0.007409686657991799
2012-10-16,0.002379636804054286
2012-10-17,0.00572474462789252
2012-10-18,-0.005892139462478241
2012-10-19,-0.013686837175095334
2012-10-22,-0.003774808515579764
2012-10-23,-0.01735587856525278
2012-10-24,-0.009212000608588511
2012-10-25,0.011756861625231707
2012-10-26,-0.009729562306310058
2012-10-29,-0.0017474273585165179
2012-10-30,0.008828119079208108
2012-10-31,-0.01073629944725596
2012-11-01,0.022781212314569643
2012-11-05,-0.002967590283493138
2012-11-06,0.021229838115955246
2012-11-07,-0.015969689086695382
2012-11-08,-0.017115058288769802
2012-11-09,-0.002889923844142217
2012-11-12,-0.005138883204255151
2012-11-13,0.007367994921054333
2012-11-14,-0.021219976109811967
2012-11-16,-0.01570576960233616
2012-11-19,0.01875731104597378
2012-11-21,-0.003709196482848398
2012-11-22,0.003461163032495662
2012-11-23,0.019946105126059877
2012-11-26,-0.014644521676340005
2012-11-27,-0.008656070333124433
2012-11-28,0.0051601806186134525
2012-11-29,0.022974645033725594
2012-11-30,-0.0065552398999528805
2012-12-03,0.012569647758876812
2012-12-04,-0.011039718219681305
2012-12-05,0.0020131556060647426
2012-12-06,-0.0003988381723658563
2012-12-07,0.01431018969843123
2012-12-10,0.01292751685068616
2012-12-11,0.006309381497731081
2012-12-12,-0.00250216340862508
2012-12-13,-0.0026432994320053638
2012-12-14,0.004843520341607288
2012-12-17,-0.0006377337174487963
2012-12-18,0.014896799623079104
2012-12-19,0.00884254767496806
2012-12-20,0.00454717239988689
2012-12-21,-0.004399637462526584
2012-12-26,-0.0007707003095323017
2012-12-27,-0.0089639408553559
2012-12-28,0.008832698647672999
2013-01-02,0.025879567742212117
2013-01-03,0.012108647730148192
2013-01-04,-0.012540395596106535
2013-01-07,-0.009481333481142329
2013-01-08,-0.013083129220554213
2013-01-09,0.007350876980584786
2013-01-10,0.0016063999819770913
2013-01-11,-0.002938910172966658
2013-01-14,0.009451590857787906
2013-01-15,-0.005702347269330943
2013-01-16,0.0009553496253484894
2013-01-17,0.0065655457211022394
2013-01-18,-0.0038340763842565906
2013-01-21,-0.0009042759949622337
2013-01-22,-0.0033659168291819697
2013-01-23,0.004431584667750954
2013-01-24,-0.012928974274645455
2013-01-28,-0.01886241225200891
2013-01-29,0.0062939767529819335
2013-01-30,-0.017855380288064993
2013-01-31,0.007120216818245595
2013-02-01,0.009824243128917942
2013-02-04,-0.01292470900620124
2013-02-05,-0.002201293097835233
2013-02-06,-0.008344924942594645
2013-02-07,-0.00987026756241427
2013-02-08,0.002156242813699194
2013-02-13,-0.0015739413363551336
2013-02-14,-0.005648907992922503
2013-02-15,-0.003000519581741301
2013-02-18,-0.005003602983995492
2013-02-19,-0.005220671749007977
2013-02-20,-0.0200197007903693
2013-02-21,-0.0004094967698069496
2013-02-22,0.009605574866009547
2013-02-25,-0.0013943434284833245
2013-02-26,0.0058291746239884645
2013-02-27,0.0056906380860048955
2013-02-28,0.002615565842731371
2013-03-01,-0.00944822789480071
2013-03-04,-0.00679116762973031
2013-03-05,-0.009746631181524634
2013-03-06,0.03493168464200913
2013-03-07,0.015532863005383035
2013-03-08,-0.007060056610338705
2013-03-11,0.0019148905644392755
2013-03-12,-0.005755707343443106
2013-03-13,-0.014239610819785753
2013-03-14,-0.0018313905369016226
2013-03-15,-0.007218603399874013
2013-03-18,0.001827094199533974
2013-03-19,-0.010800041446946906
2013-03-20,-0.005890168376078364
2013-03-21,-0.008117814970054482
2013-03-22,-0.0060278110685771935
2013-03-25,-0.0067202112766615585
2013-03-26,0.01443794076841165
2013-03-27,0.006499284325323984
2013-03-28,0.005659082958160866
2013-04-01,-0.008017574617452894
2013-04-02,-0.018287193555190484
2013-04-03,0.012204547967622048
2013-04-04,-0.01660489467922588
2013-04-05,0.007347410878422167
2013-04-08,0.0007444867471146921
2013-04-09,0.014774511119743039
2013-04-10,0.0049063872409984555
2013-04-11,-0.014087769283982254
2013-04-12,-0.007937412554626988
2013-04-15,-0.03731215952980271
2013-04-16,0.019469293959760492
2013-04-17,-0.020754349696357366
2013-04-18,0.005356077982401786
2013-04-19,0.014249272328836327
2013-04-22,0.006819027226979912
2013-04-23,0.010752693290243087
2013-04-24,0.001802146680024208
2013-04-25,-0.00038200224208573275
2013-04-26,-0.013020373476749114
2013-04-29,0.011636668203630407
2013-04-30,0.018466728734454207
2013-05-02,-0.01057259560556112
2013-05-03,0.0029961217250846772
2013-05-06,-0.0010458177263625856
2013-05-07,0.015129423361081251
2013-05-08,-0.008386915685116847
2013-05-09,-0.006417826491995626
2013-05-10,-0.006150748433331188
2013-05-13,-0.01204877842380192
2013-05-14,0.004014118939924316
2013-05-15,0.004908634619901875
2013-05-16,-0.0029714995112204434
2013-05-17,0.007113194804935219
2013-05-20,0.009687533481352872
2013-05-21,0.010074572108516477
2013-05-22,0.0029105385517151916
2013-05-23,-0.0014009702678894342
2013-05-24,0.0009932953386826426
2013-05-27,-0.0001773018213544475
2013-05-28,-0.006403892669245792
2013-05-29,-0.02531963831116002
2013-05-31,-0.020880905876325073
2013-06-03,0.008152674285897277
2013-06-04,0.001370852922114807
2013-06-05,-0.022825073215472003
2013-06-06,0.0016274936410933805
2013-06-07,-0.024229923013498578
2013-06-10,-0.005867740469755134
2013-06-11,-0.030609688426300963
2013-06-12,-0.011905022820247524
2013-06-13,0.02478137979496431
2013-06-14,-0.021715792141437262
2013-06-17,-0.004937980588874069
2013-06-18,0.007630371660319213
2013-06-19,-0.03229599282454032
2013-06-20,0.006680079363141189
2013-06-21,-0.024311053502147573
2013-06-24,-0.02345814449592254
2013-06-25,0.019988173265726772
2013-06-26,0.005932085646279006
2013-06-27,0.009221322767359652
2013-06-28,-0.0031977811105310394
2013-07-01,-0.004794753976526067
2013-07-02,-0.04329080988223133
2013-07-03,-0.004098684191015778
2013-07-04,0.015836114528397616
2013-07-05,-0.01215760305666258
2013-07-08,-0.00296834721641126
2013-07-10,0.008988675677452207
2013-07-11,0.024819695687606114
2013-07-12,-0.023720987657593895
2013-07-15,0.026141596133477663
2013-07-16,0.002777542166830571
2013-07-17,0.0114134210245318
2013-07-18,0.005259626700460984
2013-07-19,-0.005407295121836242
2013-07-22,0.02446617962899822
2013-07-23,0.0050516566347837966
2013-07-24,-0.009177585663158183
2013-07-25,0.014224231780195495
2013-07-26,0.007208958105316299
2013-07-29,-0.004258172989244358
2013-07-30,-0.013296164133356214
2013-07-31,-0.006777165490687409
2013-08-01,0.018629550332445177
2013-08-02,-0.013666145180698308
2013-08-05,-0.0007842328335065929
2013-08-06,-0.021157082847334863
2013-08-07,0.0005270425656167532
2013-08-08,0.030756969122291977
2013-08-09,0.01914960747733474
2013-08-12,0.0084653209823351
2013-08-13,0.005986142751623902
2013-08-14,0.005812996062800835
2013-08-15,0.00023574712301233092
2013-08-16,0.012318720500291036
2013-08-19,0.0006788669002784076
2013-08-20,-0.02090572899368226
2013-08-21,-0.0020215640307821303
2013-08-22,0.019508884692344353
2013-08-23,0.015425760774439468
2013-08-26,-0.014822806279235934
2013-08-27,-0.026340900991666416
2013-08-28,-0.004501853359881736
2013-08-29,0.0011023260192857265
2013-08-30,0.0017212052683195367
2013-09-02,0.035882604145564656
2013-09-03,-0.004040175221435405
2013-09-04,0.0017417898386664632
2013-09-05,0.012222929587975884
2013-09-06,0.026334921203257977
2013-09-09,0.009314795916928631
2013-09-10,-0.005044776061977174
2013-09-11,-0.007605872145623138
2013-09-12,-0.004921555261820032
2013-09-13,0.00916863712450322
2013-09-16,0.00044601375948438715
2013-09-17,0.00830770877709952
2013-09-18,0.026043991154800494
2013-09-19,-0.010956887204539356
2013-09-20,-0.018058106587751865
2013-09-23,0.009051500461980666
2013-09-24,-0.0031366676180830666
2013-09-25,-0.0031281076550548903
2013-09-26,-0.008848304739681012
2013-09-27,-0.000818437202731559
2013-09-30,-0.026416310221938133
2013-10-01,0.01594089689726097
2013-10-02,-0.0014866533285040617
2013-10-03,-0.011554252983685842
2013-10-04,0.006816115397150213
2013-10-07,-0.008207824468660974
2013-10-08,-0.0020051759337214037
2013-10-09,0.0045012473482852755
2013-10-10,0.00850827056922121
2013-10-11,0.002882796611475058
2013-10-14,0.01902760511389623
2013-10-15,0.014841961101996759
2013-10-16,0.017881760605915176
2013-10-17,-0.011048248120582471
2013-10-18,0.00036121948088130296
2013-10-21,0.012543343318229816
2013-10-22,0.006806676537049583
2013-10-23,-0.018231067943695223
2013-10-24,-0.01020703768122111
2013-10-25,-0.01326247759886634
2013-10-28,0.016827738310359663
2013-10-29,-0.009743535829418448
2013-10-30,-0.0067334127388658516
2013-10-31,0.0015309560396463695
2013-11-01,-0.004488827051670086
2013-11-04,0.00781931139392178
2013-11-05,-0.011175983839518011
2013-11-06,-0.008338278255751064
2013-11-07,-0.012136665944417757
2013-11-08,-0.009372389780056167
2013-11-11,0.0071515375409099136
2013-11-12,-0.015704923085360534
2013-11-13,0.008189676086866271
2013-11-14,0.02312701247060822
2013-11-18,0.01586907715628172
2013-11-19,-0.023738770774340168
2013-11-21,-0.006526635666748604
2013-11-22,0.002142404292799327
2013-11-25,-0.010222332388357458
2013-11-26,-0.015755645996330614
2013-11-27,0.008014911066640096
2013-11-28,-0.0002699888163899544
2013-11-29,0.012173179873403939
2013-12-02,-0.02385220138224753
2013-12-03,-0.017639294289374163
2013-12-04,-0.002645056978920479
2013-12-05,0.011326405192313871
2013-12-06,0.0030668840143732723
2013-12-09,0.004328714316800486
2013-12-10,-0.0033673361366695076
2013-12-11,-0.018306286936272897
2013-12-12,0.0010779519957875294
2013-12-13,-0.0014175478799529628
2013-12-16,0.004564898140435147
2013-12-17,-0.0037859963525210816
2013-12-18,0.009398696151837527
2013-12-19,0.005050216884649572
2013-12-20,0.007195756748600957
2013-12-23,0.0033157175742246636
2013-12-26,-0.002632170524456967
2013-12-27,0.0008976661285000631
2013-12-30,0.004670450430303674
2014-01-02,-0.022897866334766093
2014-01-03,0.012633159862673438
2014-01-06,-0.00013731548253659298
2014-01-07,-0.01072946271992059
2014-01-08,0.0029106914131382666
2014-01-09,-0.025126698527413893
2014-01-10,0.007554217991916801
2014-01-13,-0.0054276133767530155
2014-01-14,0.005568459864376152
2014-01-15,0.008055510056392379
2014-01-16,-0.008196356544015515
2014-01-17,-0.010396744067326935
2014-01-20,-0.009684415254188394
2014-01-21,-0.003413885063693556
2014-01-22,0.015494678467577572
2014-01-23,-0.020057832271993092
2014-01-24,-0.011112612796040366
2014-01-27,-0.0018012739454782434
2014-01-28,0.002930650398811352
2014-01-29,-0.005954020817867445
2014-01-30,-0.006603329866475605
2014-01-31,0.008326091753124487
2014-02-03,-0.031798130437682204
2014-02-04,0.017527727702921325
2014-02-05,-0.007265920755170185
2014-02-06,0.023612296430048474
2014-02-07,0.007013763983627186
2014-02-10,-0.0075795111516470115
2014-02-11,0.01563864092461209
2014-02-12,-0.00508896423044547
2014-02-13,-0.008414086920573993
2014-02-14,0.008082198680892105
2014-02-17,-0.01305133532501479
2014-02-18,-0.02072789127269381
2014-02-19,0.011754676630703287
2014-02-20,0.0029224925502120414
2014-02-21,0.0019224884181241464
2014-02-24,0.0002743397398319303
2014-02-25,-0.014387820054151845
2014-02-26,-0.0025076367424397006
2014-02-27,0.021400727574935274
2014-02-28,-0.01083420487608322
2014-03-05,-0.010781142607818595
2014-03-06,0.010759908254881267
2014-03-07,-0.018192644206719066
2014-03-10,-0.015494388015508065
2014-03-11,0.0036171954687862495
2014-03-12,0.0035823542024431276
2014-03-13,-0.009156088761137937
2014-03-14,-0.010574150068848098
2014-03-17,0.00337463132742144
2014-03-18,0.022615680982630337
2014-03-19,0.008995174816458729
2014-03-20,0.015152935253368582
2014-03-21,0.002176233441101516
2014-03-24,0.01283386248005236
2014-03-25,0.0038888302468826907
2014-03-26,-0.004451570598751786
2014-03-27,0.03444553911694115
2014-03-28,0.0024342415078031365
2014-03-31,0.012916542632460448
2014-04-01,-0.0028802721406950837
2014-04-02,0.028068645982607165
2014-04-03,-0.0056833213135885075
2014-04-04,-0.006361617707856482
2014-04-07,0.020787869462289166
2014-04-08,-0.010136524008107273
2014-04-09,-0.008637009748094115
2014-04-10,-0.0011337869695271507
2014-04-11,0.014370016388541629
2014-04-14,-0.00523859968785878
2014-04-15,-0.022382120024072805
2014-04-16,0.014697033025912631
2014-04-17,0.01763618542914891
2014-04-22,-0.002593935491658428
2014-04-23,-0.00786120497935272
2014-04-24,0.0047781726897309085
2014-04-25,-0.00809956373365317
2014-04-28,-0.0002918770634536827
2014-04-29,0.008815921779014246
2014-04-30,-0.004117340180865625
2014-05-02,0.025889062290284315
2014-05-05,0.00875731453115236
2014-05-06,0.006229852465642338
2014-05-07,0.005063395867011877
2014-05-08,-0.011742400565381672
2014-05-09,-0.006045717894455294
2014-05-12,0.017788118459836966
2014-05-13,-0.0027047070953045704
2014-05-14,0.009342756288782894
2014-05-15,-0.010289277892812976
2014-05-16,0.0022256853167288426
2014-05-19,-0.011609294730979158
2014-05-20,-0.018672682826464282
2014-05-21,-0.0031175612661300534
2014-05-22,0.0114848561181784
2014-05-23,-0.0034145264224303418
2014-05-26,0.005797776713503566
2014-05-27,-0.014462118402766677
2014-05-28,0.008930334509026139
2014-05-29,-0.007646944651707344
2014-05-30,-0.019328381530383965
2014-06-02,0.007136983962427124
2014-06-03,0.008220969127947342
2014-06-04,-0.003831901863010856
2014-06-05,-0.005300229059182371
2014-06-06,0.029996135524616108
2014-06-09,0.021303947179465155
2014-06-10,0.006080274433497124
2014-06-11,0.009078873000047949
2014-06-13,-0.005368090118235358
2014-06-16,-0.003234740614917797
2014-06-17,-0.006058955467736382
2014-06-18,0.01649307269245881
2014-06-20,-0.010287688260810057
2014-06-23,-0.007864218099291165
2014-06-24,0.0013088645166146051
2014-06-25,-0.015876738930094447
2014-06-26,0.0014962782876164482
2014-06-27,-0.006543998302340981
2014-06-30,0.00020691276819562177
2014-07-01,5.6423325418109016e-05
2014-07-02,-0.002674201217029548
2014-07-03,0.01582761470328542
2014-07-04,0.003335498320822694
2014-07-07,-0.004691405546768834
2014-07-08,-0.003108801148572482
2014-07-10,0.017703829354280387
2014-07-11,0.0035290174585842493
2014-07-14,0.017335094367780357
2014-07-15,0.0041175159768407354
2014-07-16,-0.004601990376462695
2014-07-17,-0.0014188857842718505
2014-07-18,0.024412890959796485
2014-07-21,0.010833359328280778
2014-07-22,0.006037192800711466
2014-07-23,-0.009757189442014536
2014-07-24,0.009670953552307182
2014-07-25,-0.0027115967529685037
2014-07-28,-0.002164184471350694
2014-07-29,-0.010051036145627634
2014-07-30,-0.00422818774250544
2014-07-31,-0.018615175488022828
2014-08-01,0.0013245983392362604
2014-08-04,0.012673584789496317
2014-08-05,-0.007339287318433918
2014-08-06,0.005058179727351231
2014-08-07,-0.005307312213737703
2014-08-08,-0.01100573917037373
2014-08-11,0.01854116901677827
2014-08-12,-0.0030250785971972505
2014-08-13,-0.01537214598188541
2014-08-14,0.003573965963358461
2014-08-15,0.021004107157837737
2014-08-18,0.010425765686891353
2014-08-19,0.015309324087787957
2014-08-20,0.007312927320551665
2014-08-21,0.0019343350393761227
2014-08-22,-0.009966095826905885
2014-08-25,0.022482367604304443
2014-08-26,0.0014386566100093034
2014-08-27,0.0187134928043875
2014-08-28,-0.010887423821232645
2014-08-29,0.016401226352169118
2014-09-01,-0.0024013929811061985
2014-09-02,0.01227288501373991
2014-09-03,-0.0009536664345262125
2014-09-04,-0.0169121018405054
2014-09-05,-0.0019591547330541914
2014-09-08,-0.024827342583634504
2014-09-09,-0.008772507029917165
2014-09-10,-0.008162612166323413
2014-09-11,0.002368367963640594
2014-09-12,-0.024449228939408485
2014-09-15,0.01777600189805284
2014-09-16,0.019921385933599822
2014-09-17,-0.00011842027369013408
2014-09-18,-0.012495693820040898
2014-09-19,-0.010072139073216135
2014-09-22,-0.016945269215218772
2014-09-23,-0.004887138230310839
2014-09-24,0.004992732992908699
2014-09-25,-0.01528588272272735
2014-09-26,0.022090777619871105
2014-09-29,-0.04627201317689966
2014-09-30,-0.009361762674640062
2014-10-01,-0.02352081807342188
2014-10-02,0.012427658373836081
2014-10-03,0.0188976463759154
2014-10-06,0.04614991015060532
2014-10-07,0.005586996864082039
2014-10-08,-0.006602990084765281
2014-10-09,0.0036737091507159647
2014-10-10,-0.03475212031881192
2014-10-13,0.046711473099257717
2014-10-14,0.0010002415209822146
2014-10-15,-0.032942093888765456
2014-10-16,-0.033272110061707494
2014-10-17,0.02592353999494179
2014-10-20,-0.025831459811453072
2014-10-21,-0.03506238207606671
2014-10-22,-0.00040059899622946205
2014-10-23,-0.03293420497417188
2014-10-24,0.023926171047421008
2014-10-27,-0.02805591796815321
2014-10-28,0.03551727931879256
2014-10-29,-0.024783864603891814
2014-10-30,0.02491762213989368
2014-10-31,0.042861299359325145
2014-11-03,-0.012562794164988844
2014-11-04,0.008067909839304832
2014-11-05,-0.01269423608037279
2014-11-06,-0.0199564623618258
2014-11-07,0.011071339235058986
2014-11-10,-0.009400907381781565
2014-11-11,-0.004771917533387793
2014-11-12,0.009577799787148678
2014-11-13,-0.021617822531283082
2014-11-14,-0.0014283235071257394
2014-11-17,-0.009997268522750957
2014-11-18,0.015583121981967096
2014-11-19,0.025431608123998473
2014-11-21,0.048983642695478835
2014-11-24,-0.012144627297001165
2014-11-25,0.002775576722402917
2014-11-26,-0.008368098424845982
2014-11-27,-0.006865869858327045
2014-11-28,-0.0010421905226358774
2014-12-01,-0.04466798274368777
2014-12-02,-0.012783171145189343
2014-12-03,0.013624503559343637
2014-12-04,-0.017215380776487876
2014-12-05,0.010926534219592554
2014-12-08,-0.03360181573284393
2014-12-09,-0.0016124701155693089
2014-12-10,-0.012933678051682662
2014-12-11,0.0062972373595773234
2014-12-12,-0.03799645734500423
2014-12-15,-0.020690901366485548
2014-12-16,-0.0002339753485731677
2014-12-17,0.03564866311689663
2014-12-18,-0.004485142792916008
2014-12-19,0.02353721095981598
2014-12-22,0.00942155066848649
2014-12-23,0.015226358656990513
2014-12-26,-0.01474763206056906
2014-12-29,0.008914183647332763
2014-12-30,-0.01166999655844414
2015-01-02,-0.03035180560915407
2015-01-05,-0.020723648271513184
2015-01-06,0.010134302275821128
2015-01-07,0.030003071304419038
2015-01-08,0.009657439805241808
2015-01-09,-0.022332705891370708
2015-01-12,-0.014436216887578013
2015-01-13,-0.0020378040363748795
2015-01-14,-0.00827694717742311
2015-01-15,0.007943849784995294
2015-01-16,0.020424645790672713
2015-01-19,-0.02602058455617673
2015-01-20,0.002488629924538799
2015-01-21,0.02774608735303019
2015-01-22,0.004439181481963317
2015-01-23,-0.013602604410976937
2015-01-26,-0.004067718650144769
2015-01-27,0.00028816071333892523
2015-01-28,-0.018611757975197207
2015-01-29,0.0014037736572980464
2015-01-30,-0.018042107655650952
2015-02-02,0.015715379640047544
2015-02-03,0.027181717974398723
2015-02-04,0.006859030605321337
2015-02-05,-0.0013599230796312867
2015-02-06,-0.009018076744800041
2015-02-09,0.012039870418902865
2015-02-10,-0.017836273155932503
2015-02-11,-0.005581409838194773
2015-02-12,0.02645056169887461
2015-02-13,0.02202367165677721
2015-02-18,0.012638026837832328
2015-02-19,0.0002729736597366639
2015-02-20,-0.001092342011631331
2015-02-23,0.0008388689417877515
2015-02-24,0.011497388054314328
2015-02-25,-0.001215219323006167
2015-02-26,-0.0009655119894222963
2015-02-27,-0.0034448091040175655
2015-03-02,-0.010954848161789599
2015-03-03,0.005531409168174406
2015-03-04,-0.016429249781065636
2015-03-05,-0.0020429826708507903
2015-03-06,-0.007653556184793686
2015-03-09,-0.01613556315963649
2015-03-10,-0.018220747430929052
2015-03-11,0.012613465721090122
2015-03-12,-0.0005317734770358129
2015-03-13,-0.005827091870843404
2015-03-16,0.00517221300002646
2015-03-17,0.0289933859039202
2015-03-18,0.024379712746087634
2015-03-19,-0.011163269713904356
2015-03-20,0.01968563681460722
2015-03-23,-0.0011359808682502859
2015-03-24,-0.007774615137087437
2015-03-25,0.006810908260661108
2015-03-26,-0.024952972756738134
2015-03-27,-0.00963503853059322
2015-03-30,0.02265782061280852
2015-03-31,-0.0018165309263977747
2015-04-01,0.022654440320394542
2015-04-02,0.01519304675905886
2015-04-06,0.011491797812606563
2015-04-07,-0.0001488842985644112
2015-04-08,-0.0012664123119137116
2015-04-09,0.0026427470156580313
2015-04-10,0.0076099499793809144
2015-04-13,0.00047946595788239676
2015-04-14,-0.004767985969102995
2015-04-15,0.017208714767974698
2015-04-16,-0.0044710959302740605
2015-04-17,-0.013237910685040433
2015-04-20,-0.0036020685833264565
2015-04-22,0.0157968923688383
2015-04-23,0.019365621243855102
2015-04-24,0.016192161677789585
2015-04-27,-0.018889519903769525
2015-04-28,0.004975447410876299
2015-04-29,-0.008764014092847106
2015-04-30,0.016207752107844087
2015-05-04,0.019809950264724208
2015-05-05,0.01209657229843586
2015-05-06,-0.016482505921745272
2015-05-07,-0.0031923131018274375
2015-05-08,0.003997550690414187
2015-05-11,0.0008395571829247217
2015-05-12,-0.007105978720797879
2015-05-13,-0.007422889407820321
2015-05-14,0.005042964265765448
2015-05-15,0.010394629437856295
2015-05-18,-0.018422246288793076
2015-05-19,-0.012622926172049631
2015-05-20,-0.010833439286201951
2015-05-21,0.00383591500505176
2015-05-22,-0.013426207949276403
2015-05-25,0.004257433990254356
2015-05-26,-0.018090091337038317
2015-05-27,0.011236281605230047
2015-05-28,-0.004805391274938842
2015-05-29,-0.022786175476010584
2015-06-01,0.0051233203727409915
2015-06-02,0.022468246378208434
2015-06-03,-0.013233426539388304
2015-06-05,-0.010329118276384719
2015-06-08,-0.0030817830654488176
2015-06-09,0.00011360839199525685
2015-06-10,0.01987093462573064
2015-06-11,-0.003476970917899891
2015-06-12,-0.006371650058520473
2015-06-15,-0.003944185568814262
2015-06-16,0.010557941577806318
2015-06-17,-0.008471219698661159
2015-06-18,0.018421181813534915
2015-06-19,-0.009075144700473103
2015-06-22,0.0021372890594406613
2015-06-23,-0.0017094656509737405
2015-06-24,0.001319518845916079
2015-06-25,-0.012465237698641829
2015-06-26,0.01569164509602139
2015-06-29,-0.018742782221503163
2015-06-30,0.0012630191603122398
2015-07-01,-0.006103629149190937
2015-07-02,0.006574496589873746
2015-07-03,-0.011114907327044676
2015-07-06,-0.007070003080237086
2015-07-07,0.0037323117599257216
2015-07-08,-0.010794719038251799
2015-07-10,0.01550240391314972
2015-07-13,0.009989677247439488
2015-07-14,0.0022565307907118637
2015-07-15,-0.0063500651475418834
2015-07-16,0.0031706515068581353
2015-07-17,-0.013812688775074022
2015-07-20,-0.014277435577213282
2015-07-21,-0.0024448466686326498
2015-07-22,-0.010899609810696376
2015-07-23,-0.022021679606531563
2015-07-24,-0.011327390356052902
2015-07-27,-0.010410169332851993
2015-07-28,0.01761317878584201
2015-07-29,0.012879884002328978
2015-07-30,-0.006950158791223515
2015-07-31,0.019214183536012897
2015-08-03,-0.014395860623848122
2015-08-04,-0.0015968704738700268
2015-08-05,0.004564261249747403
2015-08-06,-0.005503613166045085
2015-08-07,-0.02909281337266556
2015-08-10,0.015848386446362994
2015-08-11,-0.0057099469334982444
2015-08-12,-0.014036758274292183
2015-08-13,-0.007842526554753704
2015-08-14,-0.01051120463085553
2015-08-17,-0.006144120674420606
2015-08-18,0.004943602411888293
2015-08-19,-0.018354602409056398
2015-08-20,0.0013084935959657429
2015-08-21,-0.0201156519097605
2015-08-24,-0.030738850805986928
2015-08-25,0.004702926051983525
2015-08-26,0.03296722825097653
2015-08-27,0.03577867144563385
2015-08-28,-0.011826972757123855
2015-08-31,-0.011260515656932313
2015-09-01,-0.02495162180916921
2015-09-02,0.021471115556339626
2015-09-03,0.019226852538210437
2015-09-04,-0.018495370824908264
2015-09-08,0.005661606373212891
2015-09-09,-0.002247937661838506
2015-09-10,-0.003284639227958408
2015-09-11,-0.0022173196749371016
2015-09-14,0.01880866266349379
2015-09-15,0.0017327730811036446
2015-09-16,0.02479353832662312
2015-09-17,-4.119294777282789e-05
2015-09-18,-0.026865885498590814
2015-09-21,-0.014362980520264301
2015-09-22,-0.007000190127710582
2015-09-23,-0.020196090621611873
2015-09-24,-0.001059228627589448
2015-09-25,-0.010230552042042262
2015-09-28,-0.019687981061100146
2015-09-29,0.003973259549409747
2015-09-30,0.020787599227732656
2015-10-01,0.00562122491098016
2015-10-02,0.037255515956553964
2015-10-05,0.011941260554593214
2015-10-06,0.0028741379020758018
2015-10-07,0.02439877262372292
2015-10-08,0.003937936756608806
2015-10-09,0.004692984386485577
2015-10-13,-0.04085324205265195
2015-10-14,-0.013883058650144164
2015-10-15,0.009609005340859511
2015-10-16,0.0015890338841586527
2015-10-19,0.004456984871366032
2015-10-20,-0.00782873957401975
2015-10-21,-0.0010839187909681414
2015-10-22,0.015739053560766436
2015-10-23,-0.0036699597650624582
2015-10-26,-0.008185181660239849
2015-10-27,-0.0035224753138738407
2015-10-28,-0.0064403532343693115
2015-10-29,-0.024100160666982617
2015-10-30,0.005267944464563357
2015-11-03,0.04653587093938505
2015-11-04,-0.007184359041584543
2015-11-05,0.007038678975563428
2015-11-06,-0.023756987818401853
2015-11-09,-0.015551143562468894
2015-11-10,-0.00034641782666078313
2015-11-11,0.019004475703136237
2015-11-12,-0.0038531591382504615
2015-11-13,-0.00785862868202436
2015-11-16,0.007069135303700236
2015-11-17,0.008523352518958305
2015-11-18,0.003971109100980641
2015-11-19,0.014711225290463759
2015-11-23,0.00022847885112220467
2015-11-24,0.0027791045947456183
2015-11-25,-0.029786439780185248
2015-11-26,0.005935366791060659
2015-11-27,-0.027372461155630745
2015-11-30,-0.016551101504321153
2015-12-01,-0.0016192180276526358
2015-12-02,-0.0029345744809816665
2015-12-03,0.032376771101247925
2015-12-04,-0.022495880750547315
2015-12-07,-0.003046898056195957
2015-12-08,-0.017398337732046798
2015-12-09,0.03677900149513924
2015-12-10,-0.010399160633063786
2015-12-11,-0.00809738840276708
2015-12-14,-0.011465518335437963
2015-12-15,0.002789588838538748
2015-12-16,0.0032039899249411974
2015-12-17,0.005427752395069874
2015-12-18,-0.030280876356128417
2015-12-21,-0.016324362919853286
2015-12-22,0.006230549750634751
2015-12-23,0.01245943991216869
2015-12-28,-0.005718923298324796
2015-12-29,-0.0025166454976588426
2015-12-30,-0.0069882128903344665
2016-01-04,-0.02828556470966781
2016-01-05,0.0065752365558378045
2016-01-06,-0.015346177260971317
2016-01-07,-0.026144963032745494
2016-01-08,-0.002041645340026932
2016-01-11,-0.016434917226693102
2016-01-12,-0.010973632721070103
2016-01-13,-0.014530322686097108
2016-01-14,0.014175955101960014
2016-01-15,-0.0238518269092296
2016-01-18,-0.01652195583664451
2016-01-19,0.003158146688919672
2016-01-20,-0.010884892548036262
2016-01-21,0.0019107778961924282
2016-01-22,0.008290695426421024
2016-01-26,-0.014140686848504558
2016-01-27,0.023171334423567558
2016-01-28,0.006596912478427086
2016-01-29,0.04494911211316044
2016-02-01,0.004050588427006119
2016-02-02,-0.04988023306021816
2016-02-03,0.025402657737126688
2016-02-04,0.030669849876586497
2016-02-05,-0.005650148914925879
2016-02-10,-0.005310686937237463
2016-02-11,-0.026577886634273185
2016-02-12,0.012385467831299124
2016-02-15,0.007133858366790591
2016-02-16,0.021101213574020505
2016-02-17,0.01654211299945807
2016-02-18,-0.0036819158657994677
2016-02-19,0.0015658691965008131
2016-02-22,0.039921317024710135
2016-02-23,-0.01665228087088977
2016-02-24,-0.010306688877964376
2016-02-25,-0.004691992936050937
2016-02-26,-0.0070675058498963494
2016-02-29,0.028466021967165744
2016-03-01,0.030560618428813413
2016-03-02,0.017323356316200744
2016-03-03,0.049963695918703976
2016-03-04,0.039307912636008524
2016-03-07,0.003274656901117723
2016-03-08,-0.002928378877147253
2016-03-09,-0.008939681289998447
2016-03-10,0.018445899442573577
2016-03-11,0.0013708297681418458
2016-03-14,-0.015674493045594318
2016-03-15,-0.03619258110793844
2016-03-16,0.013341540246337047
2016-03-17,0.06388665367133939
2016-03-18,-0.0019463482635870832
2016-03-21,0.007000920865058546
2016-03-22,-0.0031708155199527965
2016-03-23,-0.026217986320606457
2016-03-24,-0.0006643381524078507
2016-03-28,0.023504738982561335
2016-03-29,0.006216132886521564
2016-03-30,0.0018358663021267319
2016-03-31,-0.02357370476158316
2016-04-01,0.010077905146824051
2016-04-04,-0.035879913230496996
2016-04-05,0.005601339337969691
2016-04-06,-0.019722718555179597
2016-04-07,0.008632789693351128
2016-04-08,0.03603409914748923
2016-04-11,-0.002548330033828705
2016-04-12,0.03596460700268622
2016-04-13,0.021835925407694745
2016-04-14,-0.01400161182772841
2016-04-15,0.015468080721268151
2016-04-18,-0.006294662800048201
2016-04-19,0.015309293035919325
2016-04-20,-0.0014719448163074134
2016-04-22,-0.013572702937260317
2016-04-25,-0.019968211428606608
2016-04-26,0.023270381594402423
2016-04-27,0.025940224118276234
2016-04-28,-0.003051753448525929
2016-04-29,-0.0074106582735655735
2016-05-02,-0.006494677300500129
2016-05-03,-0.024608601332813507
2016-05-04,0.005590924088162197
2016-05-05,-0.016925488478722883
2016-05-06,0.0009091876938089882
2016-05-09,-0.014176348328650334
2016-05-10,0.04000110463270801
2016-05-11,-0.00580149971309929
2016-05-12,0.008999636233863129
2016-05-13,-0.02736140985919633
2016-05-16,-1.9303714999807653e-05
2016-05-17,-0.0187842860700691
2016-05-18,-0.005463470558000338
2016-05-19,-0.008520832128915856
2016-05-20,-0.008211871174905738
2016-05-23,-0.007935187468802951
2016-05-24,0.0003040283783235509
2016-05-25,0.002792732620159555
2016-05-27,-0.008768603080740789
2016-05-30,-0.0017752389501239918
2016-05-31,-0.010099022570576821
2016-06-01,0.011099257402941376
2016-06-02,0.01767487872825768
2016-06-03,0.014566552110423459
2016-06-06,-0.0037011056488971406
2016-06-07,0.0011097900465255606
2016-06-08,0.022347845837888514
2016-06-09,-0.00994684444657068
2016-06-10,-0.03374101648608985
2016-06-13,0.004824247621240119
2016-06-14,-0.02060921899059842
2016-06-15,0.005473400091583258
2016-06-16,0.010109211765174209
2016-06-17,0.002465992800614103
2016-06-20,0.01592214925021196
2016-06-21,0.010062654718989705
2016-06-22,-0.013505958116091676
2016-06-23,0.02760802974269616
2016-06-24,-0.02862537456069525
2016-06-27,-0.017292657464688332
2016-06-28,0.0153348495834571
2016-06-29,0.01970185201262531
2016-06-30,0.010241094490195835
2016-07-01,0.01360853692069064
2016-07-04,0.006412113341820458
2016-07-05,-0.013925960847657848
2016-07-06,0.0011566935281006607
2016-07-07,0.002174813448023727
2016-07-08,0.021416619847780538
2016-07-11,0.015294272968915834
2016-07-12,0.005470554043727205
2016-07-13,0.0062836666600514235
2016-07-14,0.016043367754194904
2016-07-15,0.0017468197024168575
2016-07-18,0.016169972707059443
2016-07-19,0.0037815245359738014
2016-07-20,-0.002118719673887881
2016-07-21,0.0011128875277499617
2016-07-22,0.006353250341447847
2016-07-25,-0.002265643120637151
2016-07-26,-0.0015837266631137936
2016-07-27,0.0012320040982451985
2016-07-28,-0.0032769585349914365
2016-07-29,0.011248199313333984
2016-08-01,-0.009678852386059589
2016-08-02,-0.010521006026008806
2016-08-03,0.016160861794773496
2016-08-04,0.009017162195624095
2016-08-05,0.0011626394958508257
2016-08-08,-0.0004510130523289746
2016-08-09,0.0009364920388907905
2016-08-10,-0.01341974087021569
2016-08-11,0.023955320134794178
2016-08-12,-3.430590576414261e-05
2016-08-15,0.014441176004051925
2016-08-16,-0.004932171590290579
2016-08-17,0.007937154015273507
2016-08-18,-0.0026668933014697416
2016-08-19,-0.0011330487831209268
2016-08-22,-0.02255400188014889
2016-08-23,0.004127776778281245
2016-08-24,-0.005218695422565034
2016-08-25,6.930006932748256e-05
2016-08-26,-0.0001039519050110016
2016-08-29,0.015370899053328557
2016-08-30,-0.0005973460944783682
2016-08-31,-0.011573328806887773
2016-09-01,0.005769064624107756
2016-09-02,0.02342027420809778
2016-09-05,-0.0008390529263380131
2016-09-06,0.009407312786720468
2016-09-08,0.0017115182682605479
2016-09-09,-0.037760762001401105
2016-09-12,0.010052749643691072
2016-09-13,-0.030589784482119242
2016-09-14,0.004179844511943642
2016-09-15,0.014786992693911927
2016-09-16,-0.014419020305211916
2016-09-19,0.004719050966745186
2016-09-20,0.006708052194591474
2016-09-21,0.011332249060094668
2016-09-22,0.010222598989120257
2016-09-23,-0.005047125616544079
2016-09-26,-0.011015006317242282
2016-09-27,0.0056340112614048365
2016-09-28,0.01654558799707395
2016-09-29,-0.017076714597584086
2016-09-30,0.0002741650833666398
2016-10-03,0.018569973827794684
2016-10-04,-0.0020538727758747655
2016-10-05,0.015302197526954942
2016-10-06,0.006451742010797901
2016-10-07,0.007638452619708858
2016-10-10,0.009106002959049064
2016-10-11,-0.010530702907724176
2016-10-13,0.001588328577504683
2016-10-14,0.010546457794843533
2016-10-17,0.014928408487847378
2016-10-18,0.01717336913211298
2016-10-19,-0.00433662925878231
2016-10-20,0.0052142347061145955
2016-10-21,0.004220536801319952
2016-10-24,-0.0007490169503174826
2016-10-25,-0.0030330057802032684
2016-10-26,-0.0006265075542462029
2016-10-27,0.00662109292876778
2016-10-28,0.0009023165253836396
2016-10-31,0.009548717248097915
2016-11-01,-0.02493677023423757
2016-11-03,-0.025202011806486624
2016-11-04,-0.0024645730281616096
2016-11-07,0.03906585098030391
2016-11-08,0.0016535375423440968
2016-11-09,-0.01412718917970679
2016-11-10,-0.033058072568799446
2016-11-11,-0.033512294163969614
2016-11-14,0.007960257784136004
2016-11-16,0.018303726521718744
2016-11-17,-0.016411356559789425
2016-11-18,0.003207165412328905
2016-11-21,0.01830971898655065
2016-11-22,0.014371426955833044
2016-11-23,0.0005163789044875244
2016-11-24,-0.009563866644201724
2016-11-25,0.0026513780730859082
2016-11-28,0.020834421842547357
2016-11-29,-0.0301697596597581
2016-11-30,0.014956378819171334
2016-12-01,-0.03952315283567209
2016-12-02,0.013503455813014043
2016-12-05,-0.00805677361418411
2016-12-06,0.020774812653971964
2016-12-07,0.0053223746480544065
2016-12-08,-0.01207310861682842
2016-12-09,-0.0029048197487497873
2016-12-12,-0.0220931445970578
2016-12-13,0.0017221007126106969
2016-12-14,-0.018197330890286523
2016-12-15,0.003155875286653398
2016-12-16,-0.00011987840918692427
2016-12-19,-0.02213077333678548
2016-12-20,0.008230642659141196
2016-12-21,0.0011108219488153992
2016-12-22,-0.006823232334415508
2016-12-23,0.011841238434319834
2016-12-26,0.011719721983123321
2016-12-27,0.0013126829198970569
2016-12-28,0.018315994098863086
2016-12-29,0.0074161444483618055
2017-01-02,-0.010649763470938822
2017-01-03,0.03665888274586315
2017-01-04,-0.0036465928596651764
2017-01-05,0.0077956079732537376
2017-01-06,-0.006562382120428367
2017-01-09,0.0005674218933897635
2017-01-10,0.006977223214319039
2017-01-11,0.005041029153565191
2017-01-12,0.023861891655828416
2017-01-13,-0.004733328587116503
2017-01-16,0.002808219411752688
2017-01-17,0.00816012641274888
2017-01-18,-0.003175001110793829
2017-01-19,-0.0031069259424789664
2017-01-20,0.008873587087787627
2017-01-23,0.018853709609784275
2017-01-24,0.0013830945520751925
2017-01-26,0.005316945670251982
2017-01-27,-0.002374741142478598
2017-01-30,-0.026579025937671474
2017-01-31,0.005722143500490162
2017-02-01,0.002548126190523803
2017-02-02,-0.003987209139713954
2017-02-03,0.005805531545320264
2017-02-06,-0.014905624677746587
2017-02-07,0.003213931872826592
2017-02-08,0.009857946750232216
2017-02-09,0.0020030823338519355
2017-02-10,0.017698226843762654
2017-02-13,0.012668003179292953
2017-02-14,-0.0038150568784871552
2017-02-15,0.018754865221971784
2017-02-16,-0.0023860383954339426
2017-02-17,-0.0009737242769318755
2017-02-20,0.011520442058968072
2017-02-21,0.007544462866459156
2017-02-22,-0.006713092443071389
2017-02-23,-0.01659709838842538
2017-02-24,-0.011914577692992978
2017-03-01,0.004893351377811328
2017-03-02,-0.017073071356612957
2017-03-03,0.014038122288132726
2017-03-06,-0.006685370471922525
2017-03-07,-0.009070116615909285
2017-03-08,-0.015698620727141233
2017-03-09,-0.002057184240191745
2017-03-10,0.0013925423881140375
2017-03-13,0.013194363861099845
2017-03-14,-0.01282334649632233
2017-03-15,0.023463278699354717
2017-03-16,-0.006847577847915787
2017-03-17,-0.02420248448235185
2017-03-20,0.01044209838191179
2017-03-21,-0.02978384451498961
2017-03-22,0.008553344215128433
2017-03-23,0.00015741586154760512
2017-03-24,0.005071251595266446
2017-03-27,0.007084812955891806
2017-03-28,0.005149373912125554
2017-03-29,0.013644118000462058
2017-03-30,-0.004006305341766492
2017-03-31,-0.00433014112288177
2017-04-03,0.0034870806101849894
2017-04-04,0.008520436338299575
2017-04-05,-0.01522887624896363
2017-04-06,-0.008558324458705968
2017-04-07,0.005744643794686866
2017-04-10,0.0008820594337120014
2017-04-11,-0.00449578309368448
2017-04-12,-0.007298164196472001
2017-04-13,-0.016825157394329437
2017-04-17,0.02373480610357248
2017-04-18,-0.002739429235070645
2017-04-19,-0.011790111958811522
2017-04-20,0.00556745273020276
2017-04-24,0.009801092894363705
2017-04-25,0.011718793643677117
2017-04-26,-0.004399668661545064
2017-04-27,-0.002856284605789128
2017-04-28,0.011162477526736936
2017-05-02,0.019966604649686914
2017-05-03,-0.009456762440995803
2017-05-04,-0.01880061790088483
2017-05-05,0.012973767631253352
2017-05-08,-0.002804110466131604
2017-05-09,0.01141100664435335
2017-05-10,0.016044885768373263
2017-05-11,0.0027874995808740977
2017-05-12,0.010076691039381913
2017-05-15,0.0036870176958512246
2017-05-16,0.0030621642790773507
2017-05-17,-0.01679626049413585
2017-05-18,-0.09210684690259541
2017-05-19,0.01677491926018959
2017-05-22,-0.01554185347565884
2017-05-23,0.015908969464492273
2017-05-24,0.009450590116852453
2017-05-25,-0.00047436830844205247
2017-05-26,0.01347890206952762
2017-05-29,-0.005068609008512581
2017-05-30,0.003147438847062034
2017-05-31,-0.019752286172520783
2017-06-01,-0.0067520256518687205
2017-06-02,0.0035576960602270447
2017-06-05,-0.0009763046845865375
2017-06-06,0.008053948882077222
2017-06-07,0.003425149630839286
2017-06-08,-0.006591144113794911
2017-06-09,-0.008722357986895801
2017-06-12,-0.008247902072470836
2017-06-13,0.002088579149726044
2017-06-14,0.0015191676591630454
2017-06-16,-0.004807818308508516
2017-06-19,0.006276306594543257
2017-06-20,-0.020329743976981618
2017-06-21,-6.582845108127344e-05
2017-06-22,0.00835837502908987
2017-06-23,-0.0030238910250766082
2017-06-26,0.017862977505277655
2017-06-27,-0.00828339267207312
2017-06-28,0.005546003074870853
2017-06-29,0.003557147412724504
2017-06-30,0.010564350803379696
2017-07-03,0.006023159753002716
2017-07-04,-0.0007588213339957406
2017-07-05,-0.0012343140838844135
2017-07-06,-0.010889746536038913
2017-07-07,-0.002371948031749227
2017-07-10,0.011216979600252586
2017-07-11,0.012723158931997602
2017-07-12,0.015606372643949484
2017-07-13,0.005260984029739291
2017-07-14,0.003950577052256321
2017-07-17,-0.003429064654516978
2017-07-18,0.0019302955055291449
2017-07-19,-0.0024211231735229433
2017-07-20,-0.003719704868350604
2017-07-21,-0.003919092825366732
2017-07-24,0.006410673498825403
2017-07-25,0.008687195217749633
2017-07-26,-0.010055258085316154
2017-07-27,0.004083267370537769
2017-07-28,0.0033645863480735727
2017-07-31,0.006437545535648681
2017-08-01,0.00900063462445111
2017-08-02,0.009277892548164246
2017-08-03,-0.005361702897248577
2017-08-04,0.001810361444505304
2017-08-07,0.015455891411349398
2017-08-08,-0.0006036558167394901
2017-08-09,-0.0033635791835884277
2017-08-10,-0.010084518455322211
2017-08-11,0.005463314941385633
2017-08-14,0.013653598912215514
2017-08-15,0.00102459025356616
2017-08-16,0.0034903539658728278
2017-08-17,-0.009035654682296723
2017-08-18,0.010798103339284992
2017-08-21,-0.0011649073031936297
2017-08-22,0.019849763857234137
2017-08-23,0.006648231819943007
2017-08-24,0.00925075977215073
2017-08-25,-0.0008297763596072372
2017-08-28,-0.0008023027926817861
2017-08-29,0.004397711289286121
2017-08-30,-0.006244043462872995
2017-08-31,-0.0007197239957594803
2017-09-01,0.015242873476546848
2017-09-04,0.0028600802546900894
2017-09-05,0.0003049625751394558
2017-09-06,0.017326264858533946
2017-09-08,-0.004546362214414401
2017-09-11,0.016825591304938214
2017-09-12,0.002955839258596882
2017-09-13,0.0033349659576824564
2017-09-14,-0.0017531537830368649
2017-09-15,0.014626558840939552
2017-09-18,0.0030709033207632075
2017-09-19,-0.00021057618987541105
2017-09-20,0.00039479398846609115
2017-09-21,-0.005276778641574609
2017-09-22,-0.002834551615100267
2017-09-25,-0.01264090834813203
2017-09-26,-0.0016670927887290077
2017-09-27,-0.007048558713076858
2017-09-28,-0.003121524751747984
2017-09-29,0.009833639139822381
2017-10-02,0.000887968091497271
2017-10-03,0.03180459037819361
2017-10-04,-0.002243176860375229
2017-10-05,0.0003524597155450948
2017-10-06,-0.007375273322901776
2017-10-09,-0.004321994842294785
2017-10-10,0.01533209612570019
2017-10-11,-0.003086804094701634
2017-10-13,0.004295483337548589
2017-10-16,-0.0012737033993435176
2017-10-17,-0.009027253924545064
2017-10-18,0.005104990404992904
2017-10-19,-0.004029467623526628
2017-10-20,0.0014147794387309176
2017-10-23,-0.012885214240801801
2017-10-24,0.012348357719176306
2017-10-25,0.004195508732282249
2017-10-26,-0.010159558306346739
2017-10-27,0.0010535188500746528
2017-10-30,-0.015599615960219637
2017-10-31,-0.00659926745127315
2017-11-01,-0.006534735537815806
2017-11-03,0.0012319023617113345
2017-11-06,0.005343204864789897
2017-11-07,-0.025845528965023234
2017-11-08,0.026545046057728783
2017-11-09,-0.019444717629996333
2017-11-10,-0.010544767824075763
2017-11-13,0.004272653951241878
2017-11-14,-0.023001390873533367
2017-11-16,0.02351178147135613
2017-11-17,0.012675830399119903
2017-11-21,0.01564558503014979
2017-11-22,-0.0010193544077807815
2017-11-23,-0.00042951291212212084
2017-11-24,-0.004440146149990554
2017-11-27,-0.0013223945360998357
2017-11-28,0.0010931248937673388
2017-11-29,-0.019613813183111617
2017-11-30,-0.010078124437953306
2017-12-01,0.004062819746021518
2017-12-04,0.011365478644759008
2017-12-05,-0.007470715072136258
2017-12-06,0.009903108077805811
2017-12-07,-0.01071671606019109
2017-12-08,0.003374217319368711
2017-12-11,0.0009345024454923134
2017-12-12,0.013832460309675554
2017-12-13,-0.012267751040024422
2017-12-14,-0.006673892794164971
2017-12-15,0.0024683369193052584
2017-12-18,0.006958435466410506
2017-12-19,-0.0059673005358718
2017-12-20,0.009407999715381976
2017-12-21,0.023785633127140215
2017-12-22,0.000718467300730552
2017-12-26,0.006641283730919767
2017-12-27,0.005073778189760958
2017-12-28,0.0043154682484036755
2017-12-29,0.0
2018-01-02,0.019301539627699427
2018-01-03,0.0013343086028250184
2018-01-04,0.00832476303145846
2018-01-05,0.0053766979221983036
2018-01-08,0.0038876666194340714
2018-01-09,-0.006508999680901795
2018-01-10,-0.00844241476973373
2018-01-11,0.014775029830916608
2018-01-12,-0.000201620525652757
2018-01-15,0.005065975221851815
2018-01-16,0.001002606861607802
2018-01-17,0.01685534342870909
2018-01-18,-0.002787509822129053
2018-01-19,0.0031692620695604745
2018-01-22,0.005586435228982722
2018-01-23,-0.012282033999408526
2018-01-24,0.03653407682888776
2018-01-26,0.021878883011773098
2018-01-29,-0.009786894700049231
2018-01-30,-0.0025534947081915504
2018-01-31,0.00508870899448155
2018-02-01,0.006830691785928877
2018-02-02,-0.017153119698882335
2018-02-05,-0.026282088033530826
2018-02-06,0.024531410240996365
2018-02-07,-0.013524665985011453
2018-02-08,-0.01502158495496353
2018-02-09,-0.007806383220547275
2018-02-14,0.03216000631649685
2018-02-15,0.008913628377436922
2018-02-16,0.002772250851398539
2018-02-19,0.0031656436268914234
2018-02-20,0.011852633233015553
2018-02-21,0.002886139234581364
2018-02-22,0.007340629704099655
2018-02-23,0.006977881962107801
2018-02-26,0.004115561466226936
2018-02-27,-0.008225124841120035
2018-02-28,-0.016866583954277203
2018-03-01,-0.001205672659644108
2018-03-02,0.004475901336439492
2018-03-05,0.0030503446555023572
2018-03-06,-0.004310451931347714
2018-03-07,-0.001975026498479693
2018-03-08,-0.005854453598630016
2018-03-09,0.01617720099009823
2018-03-12,0.006106060951932335
2018-03-13,-0.005955558795415428
2018-03-14,-0.003862329735413894
2018-03-15,-0.01313630503077512
2018-03-16,-0.0004946588721352896
2018-03-19,-0.0115286320026744
2018-03-20,0.0029867285421332213
2018-03-21,0.009613355262354517
2018-03-22,-0.0024625185497608726
2018-03-23,-0.0046232604741902605
2018-03-26,0.008391162445141376
2018-03-27,-0.015157546735308003
2018-03-28,0.0007872043917451776
2018-03-29,0.017632222340395742
2018-04-02,-0.008233790753763515
2018-04-03,-0.0005080070285110594
2018-04-04,-0.0031127416645944095
2018-04-05,0.010025442229290249
2018-04-06,-0.0045874337934197484
2018-04-09,-0.01799878479082828
2018-04-10,0.01433729130077488
2018-04-11,0.008671323685303989
2018-04-12,0.0023199963537337
2018-04-13,-0.013076085428924245
2018-04-16,-0.017608531709823794
2018-04-17,0.014663511174912713
2018-04-18,0.019899162453588914
2018-04-19,0.0005594405740314556
2018-04-20,-0.003197687321010889
2018-04-23,0.0006076470225302444
2018-04-24,-0.0015549102629517364
2018-04-25,-0.004984967481661329
2018-04-26,0.015622127574987488
2018-04-27,0.0007174763656312422
2018-04-30,-0.0038247612690280874
2018-05-02,-0.0183760195359568
2018-05-03,-0.015003111579302342
2018-05-04,-0.002043196268655123
2018-05-07,-0.0048724106235145115
2018-05-08,0.002921472470847064
2018-05-09,0.01565624817685496
2018-05-10,0.018763114667599723
2018-05-11,-0.00749356152381786
2018-05-14,0.00014080210287836792
2018-05-15,-0.0011974502786777919
2018-05-16,0.01639256824950941
2018-05-17,-0.0342654247800489
2018-05-18,-0.006478571464795024
2018-05-21,-0.01536747101977376
2018-05-22,0.011230474026675097
2018-05-23,-0.02288524506264622
2018-05-24,-0.009255356802663428
2018-05-25,-0.015394594054132682
2018-05-28,-0.04593232868496244
2018-05-29,0.00945670993401393
2018-05-30,0.008925242135950029
2018-06-01,0.00631195518722194
2018-06-04,0.017403349994635775
2018-06-05,-0.02517557819943761
2018-06-06,-0.006873599159812116
2018-06-07,-0.030222080348581315
2018-06-08,-0.012384945045406326
2018-06-11,-0.008729831689104017
2018-06-12,0.006149114245362242
2018-06-13,-0.00872475784885296
2018-06-14,-0.009767185760637176
2018-06-15,-0.009326339412591977
2018-06-18,-0.013416717941730383
2018-06-19,0.022364945806913283
2018-06-20,0.01015916260666927
2018-06-21,-0.028806897756888716
2018-06-22,0.008044615430044644
2018-06-25,0.004406973529338387
2018-06-26,0.00635020889466098
2018-06-27,-0.01121027977688449
2018-06-28,0.01626714524524786
2018-06-29,0.013782823872517724
2018-07-02,0.0010576706136298242
2018-07-03,0.011303257373953102
2018-07-04,0.01448705016747276
2018-07-05,-0.0025452805510592924
2018-07-06,0.006111156131771267
2018-07-10,-0.0019750193246057535
2018-07-11,-0.00620391776843654
2018-07-12,0.01939430527125907
2018-07-13,0.009681938537186241
2018-07-16,0.0007699987982157097
2018-07-17,0.019085362513489912
2018-07-18,-0.009865475884401675
2018-07-19,0.0016015502293136308
2018-07-20,0.01389249425730732
2018-07-23,-0.00734513128753278
2018-07-24,0.014750412202401364
2018-07-25,0.013339973066827326
2018-07-26,-0.010186590029958253
2018-07-27,0.005788891730325929
2018-07-30,0.005120466783500532
2018-07-31,-0.013241904882665523
2018-08-01,0.0010345568099534574
2018-08-02,0.004215459969948654
2018-08-03,0.022326347051849993
2018-08-06,-0.00472656985702713
2018-08-07,-0.008723831334151555
2018-08-08,-0.014984700348991353
2018-08-09,-0.004863231469508733
2018-08-10,-0.029033092391060222
2018-08-13,0.012752591499300081
2018-08-14,0.014170822279970352
2018-08-15,-0.019579248262502347
2018-08-16,-0.0033658907518958614
2018-08-17,-0.010337158938689583
2018-08-20,0.003924996998577512
2018-08-21,-0.015154605313512093
2018-08-22,0.022646645839708768
2018-08-23,-0.01662596644119496
2018-08-24,0.008268862619686956
2018-08-27,0.021636207701236643
2018-08-28,-0.005881499293826309
2018-08-29,0.011754122828444125
2018-08-30,-0.025648560567200107
2018-08-31,0.0035797845939544715
2018-09-03,-0.00634524046101248
2018-09-04,-0.019628873148413106
2018-09-05,0.005073306654699294
2018-09-06,0.017478069867966184
2018-09-10,0.00026169104904205653
2018-09-11,-0.02354949885913271
2018-09-12,0.006249102335379675
2018-09-13,-0.005847345312618657
2018-09-14,0.009885768910235626
2018-09-17,0.017869584275695516
2018-09-18,0.019664985774493715
2018-09-19,-0.001853236984208806
2018-09-20,-0.0006782480984330874
2018-09-21,0.01685746951600997
2018-09-24,-0.018548693493750434
2018-09-25,0.008249628560630384
2018-09-26,0.00033060794014438954
2018-09-27,0.016942720730311223
2018-09-28,-0.00825901193969436
2018-10-01,-0.0090906263954178
2018-10-02,0.03729931364273398
2018-10-03,0.02014805699806388
2018-10-04,-0.003850184631820852
2018-10-05,-0.007635795684622693
2018-10-08,0.044685177072215865
2018-10-09,4.646516275208512e-05
2018-10-10,-0.028381978939689745
2018-10-11,-0.009099702646850005
2018-10-15,0.005280230693506027
2018-10-16,0.027894260550247907
2018-10-17,0.0005364994705363557
2018-10-18,-0.022605628571991332
2018-10-19,0.0044387132799315054
2018-10-22,0.016217813070792175
2018-10-23,-0.0034757813069408172
2018-10-24,-0.02656305949648008
2018-10-25,0.01220490417524367
2018-10-26,0.019269871428980068
2018-10-29,-0.02268896328082981
2018-10-30,0.03619970724997401
2018-10-31,0.006172929933748961
2018-11-01,0.011317034167424467
2018-11-05,0.013246119627492448
2018-11-06,-0.010422662746378819
2018-11-07,-0.010828813799273362
2018-11-08,-0.024162621040733967
2018-11-09,0.00024523972305701136
2018-11-12,-0.0013554095761900697
2018-11-13,-0.007169751258642165
2018-11-14,0.012394313866396445
2018-11-16,0.029138735705819485
2018-11-19,-0.006960847986544394
2018-11-21,-0.007215878772546702
2018-11-22,0.002380599249567794
2018-11-23,-0.01435775670348427
2018-11-26,-0.007952212453057328
2018-11-27,0.027031477859337016
2018-11-28,0.015355214708257847
2018-11-29,0.005129620492420273
2018-11-30,-0.0022989285516423763
2018-12-03,0.0035243506400419733
2018-12-04,-0.013404966368844029
2018-12-05,0.004683005676541896
2018-12-06,-0.0021811730761633896
2018-12-07,-0.008261754374792929
2018-12-10,-0.025284344117624258
2018-12-11,0.005860695105077696
2018-12-12,0.006424585383374648
2018-12-13,0.009850492944540434
2018-12-14,-0.004427007367089786
2018-12-17,-0.012079525654602463
2018-12-18,0.0024276065329438268
2018-12-19,-0.010865886666739044
2018-12-20,-0.004738430444993114
2018-12-21,0.005006853925488386
2018-12-26,-0.0065678413026954985
2018-12-27,0.0037984523618650456
2018-12-28,0.028003468202049575
2019-01-02,0.03493946753695276
2019-01-03,0.006046815374878278
2019-01-04,0.003020639683960269
2019-01-07,-0.001547346936170868
2019-01-08,0.0036248685809781023
2019-01-09,0.017032920069739887
2019-01-10,0.0020595571230437315
2019-01-11,-0.0015789701569239867
2019-01-14,0.008674814674350273
2019-01-15,-0.004434314803296147
2019-01-16,0.0035765682942052734
2019-01-17,0.010097901808766352
2019-01-18,0.007793278338768417
2019-01-21,-0.0009057452976488634
2019-01-22,-0.009491837914419321
2019-01-23,0.015183349269300095
2019-01-24,0.01152225273568419
2019-01-28,-0.02312642874031745
2019-01-29,0.002040998599479593
2019-01-30,0.014089053880448787
2019-01-31,0.004094866568612687
2019-02-01,0.00478349738019368
2019-02-04,0.007411589030462906
2019-02-05,-0.0028237702866800163
2019-02-06,-0.038097969882255
2019-02-07,-0.002433322896362
2019-02-08,0.009876285158970433
2019-02-11,-0.009802140078196686
2019-02-12,0.018417886467499756
2019-02-13,-0.0033956597390272236
2019-02-14,0.022419525919461947
2019-02-15,-0.00500151906115498
2019-02-18,-0.01047237920218791
2019-02-19,0.011835189055243944
2019-02-20,-0.011472598079787844
2019-02-21,0.004000480843965093
2019-02-22,0.00979383450773419
2019-02-25,-0.00662138679827784
2019-02-26,0.00372608120364859
2019-02-27,-0.0030373016013029996
2019-02-28,-0.01786548701656976
2019-03-01,-0.010305683571681712
2019-03-06,-0.004099126070631343
2019-03-07,0.0013046454647298589
2019-03-08,0.0108063569722745
2019-03-11,0.027531316100297687
2019-03-12,-0.002032116295023201
2019-03-13,0.010938848070962237
2019-03-14,-0.003027712442595032
2019-03-15,0.005380761634498299
2019-03-18,0.008607452291489182
2019-03-19,-0.00406850878370868
2019-03-20,-0.01565591687801593
2019-03-21,-0.013472504439654642
2019-03-22,-0.031441602037485694
2019-03-25,-0.0007790946887347161
2019-03-26,0.017410702858285276
2019-03-27,-0.03636958721141781
2019-03-28,0.026690867930824425
2019-03-29,0.010811257860765977
2019-04-01,0.00667473452513434
2019-04-02,-0.006968232498961058
2019-04-03,-0.00943770895602647
2019-04-04,0.01909871263196905
2019-04-05,0.008220456691867994
2019-04-08,0.0026841236413375213
2019-04-09,-0.011122643208866023
2019-04-10,-0.003526753375879821
2019-04-11,-0.012563875230679145
2019-04-12,-0.02004010998085093
2019-04-15,0.0022370652162742033
2019-04-16,0.013339507145783358
2019-04-17,-0.011171752176018401
2019-04-18,0.013765567648498234
2019-04-22,0.0001057272449518365
2019-04-23,0.014015168176147341
2019-04-24,-0.009195322635441983
2019-04-25,0.015731259657480123
2019-04-26,-0.003278215272697338
2019-04-29,-0.0004988982766764849
2019-04-30,0.0017139210909995484
2019-05-02,-0.00859913262613965
2019-05-03,0.005012123098056875
2019-05-06,-0.010459897373745974
2019-05-07,-0.0065470830172831285
2019-05-08,0.012716897873719546
2019-05-09,-0.00828764492568368
2019-05-10,-0.0058180905235794
2019-05-13,-0.02721892905258194
2019-05-14,0.003971303072137999
2019-05-15,-0.005105745517228755
2019-05-16,-0.017606030417198326
2019-05-17,-0.00034441192005729704
2019-05-20,0.021469558673247846
2019-05-21,0.0272396435411153
2019-05-22,-0.00131323954778928
2019-05-23,-0.004790975377691353
2019-05-24,-0.0030073927688647473
2019-05-27,0.013114802917353785
2019-05-28,0.015989297907072597
2019-05-29,0.0018034830758910658
2019-05-30,0.009174187134389555
2019-05-31,-0.004391046045155278
2019-06-03,-0.00010306622013800393
2019-06-04,0.003703707937484424
2019-06-05,-0.014283076007640005
2019-06-06,0.012484375725687613
2019-06-07,0.006317127444665616
2019-06-10,-0.0036254187429634044
2019-06-11,0.015201868909926475
2019-06-12,-0.006478092007549563
2019-06-13,0.0045967761502883064
2019-06-14,-0.007458853567058554
2019-06-17,-0.004262437265612817
2019-06-18,0.018079232907256326
2019-06-19,0.009003250488223813
2019-06-21,0.01690465135369834
2019-06-24,0.00048021561623556863
2019-06-25,-0.01948071795368911
2019-06-26,0.005936804599345535
2019-06-27,0.00034754460091690476
2019-06-28,0.0024096277729555027
2019-07-01,0.0036874692685220367
2019-07-02,-0.0072792418279536975
2019-07-03,0.014192334856824473
2019-07-04,0.01549046673545007
2019-07-05,0.004361542598340762
2019-07-08,0.004227809134190963
2019-07-10,0.012237075501149164
2019-07-11,-0.0063613265145914255
2019-07-12,-0.011863216258879206
2019-07-15,-0.0009917722240491145
2019-07-16,-0.0002697781091427487
2019-07-17,0.0007802303520101361
2019-07-18,0.008256149077409347
2019-07-19,-0.012153736352734867
2019-07-22,0.004792657232341568
2019-07-23,-0.0023597069503882295
2019-07-24,0.004003392828623831
2019-07-25,-0.014170228641637195
2019-07-26,0.0015963093610427137
2019-07-29,0.006437187161216329
2019-07-30,-0.005329056871687499
2019-07-31,-0.01095031577343164
2019-08-01,0.0030793696920241587
2019-08-02,0.005351575272102949
2019-08-05,-0.025409214224403343
2019-08-06,0.020429659123999855
2019-08-07,0.006030875187891027
2019-08-08,0.012885817046173642
2019-08-09,-0.001143620596408823
2019-08-12,-0.020213304327553416
2019-08-13,0.01348856300093182
2019-08-14,-0.029880832035084737
2019-08-15,-0.012051421475993251
2019-08-16,0.0075328597252024565
2019-08-19,-0.003382263919359474
2019-08-20,-0.0024862739352755625
2019-08-21,0.01975875560781759
2019-08-22,-0.011838339565397149
2019-08-23,-0.02371644662611949
2019-08-26,-0.012746376790122582
2019-08-27,0.008734942429125425
2019-08-28,0.009392814745998734
2019-08-29,0.02345139126225604
2019-08-30,0.006059753045384753
2019-09-02,-0.005045584427513461
2019-09-03,-0.009435586485993852
2019-09-04,0.015133551135917855
2019-09-05,0.010243694694271
2019-09-06,0.006745388139531627
2019-09-09,0.0023870065090036974
2019-09-10,-0.0014451079799062683
2019-09-11,0.004010117831400706
2019-09-12,0.008902121661597207
2019-09-13,-0.008370584588869079
2019-09-16,0.0017279581094662433
2019-09-17,0.008996829721853672
2019-09-18,-0.0008128177010622295
2019-09-19,-0.0018480311285724582
2019-09-20,0.004570758975990685
2019-09-23,-0.0017091980957903985
2019-09-24,-0.007308894291634616
2019-09-25,0.0058073566073701954
2019-09-26,0.007988603018144858
2019-09-27,-0.002290908191682206
2019-09-30,-0.003174106552473077
2019-10-01,-0.0066284402499405815
2019-10-02,-0.02947298427542755
2019-10-03,0.004789021085917611
2019-10-04,0.010143814284997887
2019-10-07,-0.019476403830996247
2019-10-08,-0.005903664044854651
2019-10-09,0.012602661458860354
2019-10-10,0.005594254885883387
2019-10-11,0.01959712410490866
2019-10-14,0.004516328892840704
2019-10-15,0.001800835767721054
2019-10-16,0.008889455574310645
2019-10-17,-0.0038681091192227512
2019-10-18,-0.0027366581240944043
2019-10-21,0.012270558369932516
2019-10-22,0.01273663792529156
2019-10-23,0.0015168084797156922
2019-10-24,-0.005202081371987077
2019-10-25,0.003526945573494089
2019-10-28,0.007636280966281106
2019-10-29,-0.005849569156515244
2019-10-30,0.007890244857186701
2019-10-31,-0.011019088621020856
2019-11-01,0.009061598752925448
2019-11-04,0.0037362184082549987
2019-11-05,-0.0013821574911041523
2019-11-06,-0.0010609493261775071
2019-11-07,0.011426493078214861
2019-11-08,-0.017973873678304386
2019-11-11,0.005429860823292998
2019-11-12,-0.013302521742547313
2019-11-13,-0.008190023165402849
2019-11-14,0.006052609184076019
2019-11-18,-0.0019727207389586
2019-11-19,-0.006878521211771016
2019-11-21,0.01763412890967686
2019-11-22,0.011055254161083994
2019-11-25,-0.0024687276489352428
2019-11-26,-0.01266938234880044
2019-11-27,0.006043777447317211
2019-11-28,0.005388951828056321
2019-11-29,-0.0005265029702776758
2019-12-02,0.007621048050491908
2019-12-03,-0.0009632277126847555
2019-12-04,0.012268861393678776
2019-12-05,0.0029059919148117785
2019-12-06,0.004545708352411637
2019-12-09,-0.001341720033972038
2019-12-10,-0.0027521007765187733
2019-12-11,0.0026349525252733486
2019-12-12,0.011077168705092788
2019-12-13,0.003247839484341597
2019-12-16,-0.0059609640959337185
2019-12-17,0.00641393304866078
2019-12-18,0.014973994260525814
2019-12-19,0.0071128146950680815
2019-12-20,-8.68613519653394e-05
2019-12-23,0.006424709523482619
2019-12-26,0.011499015432157478
2019-12-27,-0.005724398164227651
2019-12-30,-0.004903277808848472
2020-01-02,0.022249006547701455
2020-01-03,-0.007330318924745782
2020-01-06,-0.007067830006192821
2020-01-07,-0.001849790713290389
2020-01-08,-0.0035636273324684
2020-01-09,-0.0025840475372529426
2020-01-10,-0.003836686495104047
2020-01-13,0.015651358029977303
2020-01-14,0.002613245612685944
2020-01-15,-0.010408304314188044
2020-01-16,0.002488011647290733
2020-01-17,0.01508647470463842
2020-01-20,0.003235866984635294
2020-01-21,-0.015567023983265926
2020-01-22,0.011596573714941272
2020-01-23,0.009557947501564357
2020-01-24,-0.009684654348550481
2020-01-27,-0.03344839380415188
2020-01-28,0.017293393850607686
2020-01-29,-0.009436636290145017
2020-01-30,0.0012385618677210886
2020-01-31,-0.015413168371964048
2020-02-03,0.0076010699167721185
2020-02-04,0.008063088352002978
2020-02-05,0.004067626568335925
2020-02-06,-0.007248602350996336
2020-02-07,-0.012404072386789977
2020-02-10,-0.010603616184912568
2020-02-11,0.024577772299505085
2020-02-12,0.011230698316561316
2020-02-13,-0.008711576339269556
2020-02-14,-0.01113716340735671
2020-02-17,0.008080500234530774
2020-02-18,-0.002883373110099896
2020-02-19,0.01331365914805005
2020-02-20,-0.016720134739495407
2020-02-21,-0.007929352396885747
2020-02-26,-0.07262110871143967
2020-02-27,-0.026201535303480128
2020-02-28,0.011469742840338526
2020-03-02,0.02327462661417279
2020-03-03,-0.010256403479941056
2020-03-04,0.01585850184429205
2020-03-05,-0.04766558224457462
2020-03-06,-0.04231765597451087
2020-03-09,-0.12981080325348415
2020-03-10,0.06898590014960426
2020-03-11,-0.07945096254573158
2020-03-12,-0.15993026567604396
2020-03-13,0.13022281024270832
2020-03-16,-0.1499102656860991
2020-03-17,0.047325084098018166
2020-03-18,-0.10924413736049843
2020-03-19,0.02125395215922765
2020-03-20,-0.018656237880051663
2020-03-23,-0.053580279256442154
2020-03-24,0.09247463915208343
2020-03-25,0.07228497461301941
2020-03-26,0.03608267450773184
2020-03-27,-0.056664996262457024
2020-03-30,0.016357603580393842
2020-03-31,-0.021943180311597033
2020-04-01,-0.028518395966333543
2020-04-02,0.017958868360699043
2020-04-03,-0.03830048288138421
2020-04-06,0.06317772769215502
2020-04-07,0.030381713358494267
2020-04-08,0.029256908229482903
2020-04-09,-0.012066144716039062
2020-04-13,0.014746175025681652
2020-04-14,0.013631363671894547
2020-04-15,-0.013694788484970744
2020-04-16,-0.013010659581599526
2020-04-17,0.015025601240756359
2020-04-20,-0.00021524027861730133
2020-04-22,0.02147144994324357
2020-04-23,-0.012646713829393974
2020-04-24,-0.05603902133839789
2020-04-27,0.03787650778562579
2020-04-28,0.03852536267896589
2020-04-29,0.022605122236749153
2020-04-30,-0.03256701356602676
2020-05-04,-0.020454716739036982
2020-05-05,0.0075151761682707985
2020-05-06,-0.005134524163826981
2020-05-07,-0.012024345966588967
2020-05-08,0.027075437552728232
2020-05-11,-0.01503844368474283
2020-05-12,-0.015203845884181888
2020-05-13,-0.0012849838575181849
2020-05-14,0.015805614046712435
2020-05-15,-0.01857393338574198
2020-05-18,0.04582820291734535
2020-05-19,-0.005582466824435528
2020-05-20,0.007120805599191371
2020-05-21,0.020786164515801175
2020-05-22,-0.010339075150753274
2020-05-25,0.0415942128029787
2020-05-26,-0.0022672566568964214
2020-05-27,0.028569252664938816
2020-05-28,-0.011401249891127563
2020-05-29,0.005207867143601774
2020-06-01,0.013827958756149172
2020-06-02,0.027007307531691893
2020-06-03,0.02125612499532714
2020-06-04,0.008852978374598308
2020-06-05,0.00857454342458297
2020-06-08,0.031289932637202256
2020-06-09,-0.009239129057542428
2020-06-10,-0.021533169683152664
2020-06-12,-0.020173394963782343
2020-06-15,-0.00452555438071478
2020-06-16,0.012425727496404804
2020-06-17,0.021325340873167065
2020-06-18,0.006031154806683148
2020-06-19,0.004639416304099697
2020-06-22,-0.01288135034140403
2020-06-23,0.006680247098357128
2020-06-24,-0.016790341489240745
2020-06-25,0.016873693055776684
2020-06-26,-0.022643828771263586
2020-06-29,0.020056694143034903
2020-06-30,-0.00711776621178295
2020-07-01,0.011994350603217185
2020-07-02,0.00033257465048386337
2020-07-03,0.005492241785228558
2020-07-06,0.022197925280631026
2020-07-07,-0.011957559429408349
2020-07-08,0.020341812421877492
2020-07-09,-0.006132829758426439
2020-07-10,0.008755427632022972
2020-07-13,-0.013435583958296249
2020-07-14,0.01750598344866816
2020-07-15,0.013361157274362156
2020-07-16,-0.012236739887631742
2020-07-17,0.022956066287671106
2020-07-20,0.014837668624499756
2020-07-21,-0.0011114519004049583
2020-07-22,-0.00019175455475917147
2020-07-23,-0.019334235714177694
2020-07-24,0.0008696714851286202
2020-07-27,0.02025603558240263
2020-07-28,-0.0035285242711857734
2020-07-29,0.014267291420816619
2020-07-30,-0.005659657866127432
2020-07-31,-0.02017180665353102
2020-08-03,-0.0007971148753487256
2020-08-04,-0.01582029211786029
2020-08-05,0.015547960961493246
2020-08-06,0.012796896197695418
2020-08-07,-0.013049841553117503
2020-08-10,0.006478540746885031
2020-08-11,-0.012353161203671803
2020-08-12,-0.0005482348932179804
2020-08-13,-0.01635941489631776
2020-08-14,0.00883988037161032
2020-08-17,-0.017497510327359578
2020-08-18,0.024497902698309204
2020-08-19,-0.011935938746233887
2020-08-20,0.006069551358239167
2020-08-21,0.0005221957958738699
2020-08-24,0.007624448790913618
2020-08-25,-0.0017611150450349555
2020-08-26,-0.014708396061699602
2020-08-27,-2.9813516457366518e-05
2020-08-28,0.014982994437966468
2020-08-31,-0.027533598445895535
2020-09-01,0.027778323400742266
2020-09-02,-0.0025186338217739745
2020-09-03,-0.011745565170688366
2020-09-04,0.005159372317830702
2020-09-08,-0.011843629489586505
2020-09-09,0.012337373759841341
2020-09-10,-0.024555641755691582
2020-09-11,-0.004787075947687569
2020-09-14,0.019251694569911493
2020-09-15,0.00022934293350296286
2020-09-16,-0.006220828766558384
2020-09-17,0.00422478027853046
2020-09-18,-0.01822741352305357
2020-09-21,-0.013304101884966002
2020-09-22,0.0031191316432739313
2020-09-23,-0.016153364511676926
2020-09-24,0.013250724366804079
2020-09-25,-0.00013401302008198002
2020-09-28,-0.0243457619571128
2020-09-29,-0.011538221776708824
2020-09-30,0.010872502590506983
2020-10-01,0.009217139989637246
2020-10-02,-0.015441347466801147
2020-10-05,0.021809864773423726
2020-10-06,-0.00494513380989936
2020-10-07,-0.0009312497730142866
2020-10-08,0.024752357022093108
2020-10-09,-0.004472814936866243
2020-10-13,0.010409000739885599
2020-10-14,0.008400904657134944
2020-10-15,-0.002822753250383059
2020-10-16,-0.007549576551886261
2020-10-19,0.003543744538243132
2020-10-20,0.01889633430428539
2020-10-21,0.00011934835810656352
2020-10-22,0.0134935617748706
2020-10-23,-0.006477101855642431
2020-10-26,-0.002402647032509364
2020-10-27,-0.014066415769260487
2020-10-28,-0.04346882568176014
2020-10-29,0.012638810393912792
2020-10-30,-0.02760837490015078
2020-11-03,0.01725281399519929
2020-11-04,0.023000217606428563
2020-11-05,0.029843340704365673
2020-11-06,0.0002480490951484171
2020-11-09,0.030425575633138635
2020-11-10,0.013743621787831728
2020-11-11,-0.00780438774935277
2020-11-12,-0.02280621517441439
2020-11-13,0.02261486789765854
2020-11-16,0.018185594704952734
2020-11-17,0.007479242387224971
2020-11-18,-0.0069813864451759855
2020-11-19,0.00031924882900291607
2020-11-23,0.008060035405877741
2020-11-24,0.022168384162418064
2020-11-25,0.0031557099474497363
2020-11-26,0.0008531494436532228
2020-11-27,0.0031521479709866185
2020-11-30,-0.015374192724616265
2020-12-01,0.022223843226647944
2020-12-02,0.004293102238351665
2020-12-03,0.009833971024168164
2020-12-04,0.006734329359339597
2020-12-07,-0.0005015243806383296
2020-12-08,-0.0004753604906486686
2020-12-09,-0.007503581493777389
2020-12-10,0.019937950212870703
2020-12-11,0.0028743262738988307
2020-12-14,-0.0030221735739974775
2020-12-15,0.010133306970988798
2020-12-16,0.015387350627097618
2020-12-17,0.0017788775740950058
2020-12-18,-0.004053669961759709
2020-12-21,-0.014232466007173983
2020-12-22,0.002857587456926325
2020-12-23,0.012886325071258753
2020-12-28,0.010079947572176451
2020-12-29,0.003555171734625162
2020-12-30,-0.0014155232469832413
2021-01-04,-0.006289328907563174
2021-01-05,0.005593396728666988
2021-01-06,0.0052536155702789245
2021-01-07,0.017411019335007438
2021-01-08,0.025269223708550115
2021-01-11,-0.018315530306432848
2021-01-12,0.00965141909695788
2021-01-13,-0.015916576594236176
2021-01-14,0.011738438230183945
2021-01-15,-0.024420947775306345
2021-01-18,0.006122197956067055
2021-01-19,-0.0047041402912579855
2021-01-20,-0.008028963886459906
2021-01-21,-0.010623611888437523
2021-01-22,-0.01078889144320172
2021-01-26,-0.006060728374153612
2021-01-27,-0.0050097803900026605
2021-01-28,0.029186241448279304
2021-01-29,-0.028108139320904613
2021-02-01,0.011638202767576544
2021-02-02,0.007376974782522083
2021-02-03,0.012531734565300212
2021-02-04,-0.0038830775277816088
2021-02-05,0.005552178687235454
2021-02-08,-0.00341629376580066
2021-02-09,-0.0007282010826301644
2021-02-10,-0.008399983806292255
2021-02-11,0.006774266959780562
2021-02-12,-0.0009985274648514064
2021-02-17,0.010646971021840201
2021-02-18,-0.01044550704963143
2021-02-19,-0.0032956715328840147
2021-02-22,-0.05255815960324739
2021-02-23,0.022458654735849848
2021-02-24,0.0038199227895709953
2021-02-25,-0.029942041280168752
2021-02-26,-0.01998348030816466
2021-03-01,0.0027226953335457438
2021-03-02,0.01086207862636357
2021-03-03,-0.003196784389436047
2021-03-04,0.01345419939228698
2021-03-05,0.02204642325794204
2021-03-08,-0.04065852692372651
2021-03-09,0.0064791637066612395
2021-03-10,0.012895804463489924
2021-03-11,0.019389437780304775
2021-03-12,-0.007192015080349279
2021-03-15,0.006034662937763002
2021-03-16,-0.007270534932526829
2021-03-17,0.021946684262561078
2021-03-18,-0.014815469967999206
2021-03-19,0.012005839772552207
2021-03-22,-0.010752652248330108
2021-03-23,-0.015045783977949867
2021-03-24,-0.010633582351264437
2021-03-25,0.01493292116767364
2021-03-26,0.009022907130423974
2021-03-29,0.00554302027410003
2021-03-30,0.012322075749283457
2021-03-31,-0.0018502343768371787
2021-04-01,-0.011911114701293357
2021-04-05,0.01946180143422005
2021-04-06,-0.00016169043125735527
2021-04-07,0.0010632733656557036
2021-04-08,0.005840558781400773
2021-04-09,-0.0054495585809188896
2021-04-12,0.009658315452540478
2021-04-13,0.004073770170290203
2021-04-14,0.008330877258442726
2021-04-15,0.0033693537161969545
2021-04-16,0.0034158377401887208
2021-04-19,-0.0014873085766566874
2021-04-20,-0.007236666214392784
2021-04-22,-0.005771985636355836
2021-04-23,0.009662394214160486
2021-04-26,0.0005391394635516633
2021-04-27,-0.010059130668579996
2021-04-28,0.013849772829207296
2021-04-29,-0.008186874636949781
2021-04-30,-0.009809251737614488
2021-05-03,0.0026459152868536506
2021-05-04,-0.012637291946811402
2021-05-05,0.015610829671542703
2021-05-06,0.0029813997907179868
2021-05-07,0.017499278992527678
2021-05-10,-0.001057606873821726
2021-05-11,0.008616764834705748
2021-05-12,-0.02681947834230236
2021-05-13,0.008285685629559225
2021-05-14,0.00968732198260902
2021-05-17,0.008635004372830934
2021-05-18,0.00034157727704631213
2021-05-19,-0.002801122279711521
2021-05-20,0.0005298833972933181
2021-05-21,-0.0008887331246665298
2021-05-24,0.011677828310007854
2021-05-25,-0.008452807190820977
2021-05-26,0.008106062355254906
2021-05-27,0.0030440198093124593
2021-05-28,0.009554824459891975
2021-05-31,0.0052030286932680525
2021-06-01,0.016119303917509598
2021-06-02,0.010346471065124874
2021-06-04,0.004042711886164341
2021-06-07,0.004982724124953819
2021-06-08,-0.007591290777876125
2021-06-09,0.0009241646594890796
2021-06-10,0.0013000851886779685
2021-06-11,-0.004893716151713079
2021-06-14,0.005907992951796004
2021-06-15,-0.0008989662494247597
2021-06-16,-0.00641606211038237
2021-06-17,-0.009342666162041269
2021-06-18,0.0027138540102242814
2021-06-21,0.006675229505727742
2021-06-22,-0.0038599911509464846
2021-06-23,-0.002636133644237759
2021-06-24,0.008420547386240429
2021-06-25,-0.01758817780838129
2021-06-28,0.001358541151681436
2021-06-29,-0.0008007662661562165
2021-06-30,-0.00413176573218621
2021-07-01,-0.008999221023355375
2021-07-02,0.015445176116200443
2021-07-05,-0.00551580312724731
2021-07-06,-0.014483518066452206
2021-07-07,0.015263232919354053
2021-07-08,-0.012604792807128007
2021-07-12,0.01712145910078
2021-07-13,0.004488555482863532
2021-07-14,0.001863003559400056
2021-07-15,-0.00733955419833876
2021-07-16,-0.011900956472649327
2021-07-19,-0.012502409661548697
2021-07-20,0.008054616077407317
2021-07-21,0.00420165341798473
2021-07-22,0.0017296375247788376
2021-07-23,-0.008710246151744983
2021-07-26,0.007576005039627631
2021-07-27,-0.01110874257711636
2021-07-28,0.013344266120997261
2021-07-29,-0.004849966444570697
2021-07-30,-0.03131064415592277
2021-08-02,0.005853068277925644
2021-08-03,0.00862280986475028
2021-08-04,-0.014475878142675924
2021-08-05,-0.001380251129022625
2021-08-06,0.009630131328599134
2021-08-09,0.0017003693653396823
2021-08-10,-0.006663401771957567
2021-08-11,-0.001195457404774558
2021-08-12,-0.011163542737593346
2021-08-13,0.004076154386000397
2021-08-16,-0.01675761214047533
2021-08-17,-0.01076422129419008
2021-08-18,-0.010752745930442842
2021-08-19,0.004465209636171252
2021-08-20,0.0075504784388567
2021-08-23,-0.004933668854803841
2021-08-24,0.023048524742614873
2021-08-25,0.005036748965808968
2021-08-26,-0.01748380944899175
2021-08-27,0.016324369825282403
2021-08-30,-0.0078031159019325
2021-08-31,-0.00804126401918559
2021-09-01,0.005164238081794892
2021-09-02,-0.023036266238111835
2021-09-03,0.002191687877013848
2021-09-06,0.007972717080805936
2021-09-08,-0.038537815108384166
2021-09-09,0.0170303188438794
2021-09-10,-0.009362263405529703
2021-09-13,0.018362820358579057
2021-09-14,-0.0019175791072765236
2021-09-15,-0.00966951541251504
2021-09-16,-0.011090008223337833
2021-09-17,-0.020912440232271123
2021-09-20,-0.023561691558516173
2021-09-21,0.012834849892804812
2021-09-22,0.01826304961941183
2021-09-23,0.015746130428905047
2021-09-24,-0.0068705817296859095
2021-09-27,0.002644734555778072
2021-09-28,-0.030926843576487784
2021-09-29,0.008886697336523142
2021-09-30,-0.0011527067367875787
2021-10-01,0.017161476931002895
2021-10-04,-0.022455745119954074
2021-10-05,0.000588632171705683
2021-10-06,0.0009230018119925631
2021-10-07,0.00022609600132561525
2021-10-08,0.020124393449421518
2021-10-11,-0.005804125389916592
2021-10-13,0.01131037248145006
2021-10-14,-0.002391448406550367
2021-10-15,0.01284291660068071
2021-10-18,-0.001920760512996722
2021-10-19,-0.03336589671624424
2021-10-20,0.001020505012727213
2021-10-21,-0.02792590438306064
2021-10-22,-0.013446852867190273
2021-10-25,0.022502123798016527
2021-10-26,-0.02133624991880012
2021-10-27,-0.0005357570986710414
2021-10-28,-0.006205576622456022
2021-10-29,-0.02107092095259766
2021-11-01,0.0196129739378037
2021-11-03,0.0006250947316743805
2021-11-04,-0.021098333664802738
2021-11-05,0.013561743803110815
2021-11-08,-0.0004102955616822612
2021-11-09,0.007170193711980133
2021-11-10,0.0040945102900415975
2021-11-11,0.016444521759277464
2021-11-12,-0.013203516472694687
2021-11-16,-0.017114543530603044
2021-11-17,-0.015068758469896082
2021-11-18,-0.004097947516756406
2021-11-19,0.004971818822003371
2021-11-22,-0.008900559350257353
2021-11-23,0.014977076126983846
2021-11-24,0.008175780612699413
2021-11-25,0.012333450050592276
2021-11-26,-0.03448799991398488
2021-11-29,0.0057550466589297855
2021-11-30,-0.008782397983223333
2021-12-01,-0.011248823532463703
2021-12-02,0.03597135060928558
2021-12-03,0.005765135088168449
2021-12-06,0.01688341374659963
2021-12-07,0.006520028507541298
2021-12-08,0.004989484230510044
2021-12-09,-0.016839105461315285
2021-12-10,0.013707356443418917
2021-12-13,-0.0034860893997468168
2021-12-14,-0.005818558231368343
2021-12-15,0.005697488909721216
2021-12-16,0.007811452546880204
2021-12-17,-0.00938668904152351
2021-12-20,-0.020554768741687823
2021-12-21,0.004560144706408309
2021-12-22,-0.0024294891044895905
2021-12-23,-0.003359748086253944
2021-12-27,0.006083032891117668
2021-12-28,-0.006340476100092474
2021-12-29,-0.007245056120648741
2021-12-30,0.006844457124419279
2022-01-03,-0.008623055769506394
2022-01-04,-0.003933748492340072
2022-01-05,-0.024526948240936264
2022-01-06,0.005479682166829036
2022-01-07,0.011337501507551195
2022-01-10,-0.0075636525228333085
2022-01-11,0.01783018595626018
2022-01-12,0.018208795647547404
2022-01-13,-0.0014771610897472698
2022-01-14,0.013160438085716208
2022-01-17,-0.0022095318417125753
2022-01-18,-0.001594642340785768
2022-01-19,0.013900053664441359
2022-01-20,0.010031634226024266
2022-01-21,-0.0014675939600969912
2022-01-24,-0.01098334022007208
2022-01-25,0.019237990884629852
2022-01-26,0.015608804011085553
2022-01-27,0.006628338424905067
2022-01-28,-0.007480161602064328
2022-01-31,0.008129908179263623
2022-02-01,0.006730688056039824
2022-02-02,-0.008752519169316741
2022-02-03,-0.004154443853011003
2022-02-04,0.004903086972387172
2022-02-07,-0.00222082582882166
2022-02-08,0.002122821115607465
2022-02-09,0.0020205173878107274
2022-02-10,0.007953279014712322
2022-02-11,0.0018772231431611885
2022-02-14,0.002067034191128414
2022-02-15,0.007467196256206066
2022-02-16,0.004533576623458657
2022-02-17,-0.014455301571459245
2022-02-18,-0.00671689165857714
2022-02-21,-0.009292116054144373
2022-02-22,0.01039111465806819
2022-02-23,-0.007861312161958622
2022-02-24,-0.0037209345256901116
2022-02-25,0.013794304182907169
2022-03-02,0.017800361371682172
2022-03-03,-6.946253367523525e-05
2022-03-04,-0.006026842837618673
2022-03-07,-0.025489399007588176
2022-03-08,-0.003500964095804804
2022-03-09,0.023963510583300263
2022-03-10,-0.0020829404225484183
2022-03-11,-0.01730484755822559
2022-03-14,-0.01610747644288857
2022-03-15,-0.008853941350269068
2022-03-16,0.0195670369347134
2022-03-17,0.01752145739870059
2022-03-18,0.019572667007539124
2022-03-21,0.007292680052769285
2022-03-22,0.009570516914802596
2022-03-23,0.0015762861709074372
2022-03-24,0.01349646295274276
2022-03-25,0.00023516171675552755
2022-03-28,-0.002884548651124419
2022-03-29,0.0106890174666745
2022-03-30,0.0020476629677368408
2022-03-31,-0.0021726561974322323
2022-04-01,0.013006819153712712
2022-04-04,-0.002388306673640983
2022-04-05,-0.019945282589695523
2022-04-06,-0.005541675752750663
2022-04-07,0.005348192763927173
2022-04-08,-0.004553434742808449
2022-04-11,-0.011637576883524403
2022-04-12,-0.006915514476181883
2022-04-13,0.0054523187159549735
2022-04-14,-0.005151021845870574
2022-04-18,-0.00426965874685159
2022-04-19,-0.005460610594063553
2022-04-20,-0.006216209135383011
2022-04-22,-0.028978791371720547
2022-04-25,-0.0035443280566536117
2022-04-26,-0.022586822108930704
2022-04-27,0.01044309506403529
2022-04-28,0.005199128773638151
2022-04-29,-0.0187613115581442
2022-05-02,-0.011533120866889846
2022-05-03,-0.00104143708953508
2022-05-04,0.01690348896045535
2022-05-05,-0.028459945229963424
2022-05-06,-0.0016061665027073957
2022-05-09,-0.0180920067792556
2022-05-10,-0.0013568523112912345
2022-05-11,0.012404559873626653
2022-05-12,0.012290418172574036
2022-05-13,0.01162694414340848
2022-05-16,0.012168008950549591
2022-05-17,0.005123915699408954
2022-05-18,-0.023643654257634594
2022-05-19,0.007108990230319634
2022-05-20,0.013764005443539062
2022-05-23,0.016981315959254673
2022-05-24,0.0021274003506217554
2022-05-25,-9.04318573269336e-06
2022-05-26,0.011777004909841793
2022-05-27,0.0004646341982876834
2022-05-30,-0.008162431964377603
2022-05-31,0.0028689263010246435
2022-06-01,8.082223154559642e-05
2022-06-02,0.009233461354080319
2022-06-03,-0.011552959656455641
2022-06-06,-0.008278851377692575
2022-06-07,-0.0010533198707403102
2022-06-08,-0.015583684562752609
2022-06-09,-0.011825888997123002
2022-06-10,-0.015176111565047279
2022-06-13,-0.027712402541091308
2022-06-14,-0.00522816969163209
2022-06-15,0.0072631744103741624
2022-06-17,-0.029434791138744032
2022-06-20,0.0002804515287966325
2022-06-21,-0.0016838901832922915
2022-06-22,-0.0016364890428288703
2022-06-23,-0.014595253064058511
2022-06-24,0.00601774606123584
2022-06-27,0.02097993074028892
2022-06-28,-0.0017183585465367912
2022-06-29,-0.009679766709377091
2022-06-30,-0.0109001704972993
2022-07-01,0.004172242452110453
2022-07-04,-0.0034925603548412454
2022-07-05,-0.003189374173912185
2022-07-06,0.004304269286558693
2022-07-07,0.020166239508460748
2022-07-08,-0.004387651988041696
2022-07-11,-0.020927610479221315
2022-07-12,0.000600560880821277
2022-07-13,-0.0039765132541216275
2022-07-14,-0.018144640637787646
2022-07-15,0.004463551672456489
2022-07-18,0.003773257796487073
2022-07-19,0.013619734923976168
2022-07-20,0.0004274113186593098
2022-07-21,0.007561357736891594
2022-07-22,-0.0010911406532212453
2022-07-25,0.01350456026434621
2022-07-26,-0.004978964705294686
2022-07-27,0.016560191575683447
2022-07-28,0.01136091813687301
2022-07-29,0.005520955694096941
2022-08-01,-0.009153381986488185
2022-08-02,0.011061123441582055
2022-08-03,0.003987704246815937
2022-08-04,0.02019461284968216
2022-08-05,0.005462332995469055
2022-08-08,0.017964499235590736
2022-08-09,0.0022943715058616476
2022-08-10,0.014482611611096985
2022-08-11,-0.00471008445081722
2022-08-12,0.02738370150294145
2022-08-15,0.0023738252745779675
2022-08-16,0.004237593741505563
2022-08-17,0.0017252006743539994
2022-08-18,0.0009229917893662787
2022-08-19,-0.020568034851523365
2022-08-22,-0.008964145126594047
2022-08-23,0.021096959891552913
2022-08-24,0.00036322562468882325
2022-08-25,0.005599979303450908
2022-08-26,-0.010919778525058987
2022-08-29,0.00021369233727241976
2022-08-30,-0.016987757794204583
2022-08-31,-0.008256318666161278
2022-09-01,0.00802084981035911
2022-09-02,0.004148802212512237
2022-09-05,0.012005505814030926
2022-09-06,-0.021977124236828516
2022-09-08,0.0013838312477822967
2022-09-09,0.021457424034386108
2022-09-12,0.009809256039197578
2022-09-13,-0.02331049656121209
2022-09-14,-0.0022318513292063358
2022-09-15,-0.005378673381342125
2022-09-16,-0.006148700689353248
2022-09-19,0.023012810912293347
2022-09-20,0.006178114604677987
2022-09-21,-0.005177041943314364
2022-09-22,0.018885015643668623
2022-09-23,-0.020852358399004345
2022-09-26,-0.023566729394643104
2022-09-27,-0.0067865449677242395
2022-09-28,0.0006917957910328454
2022-09-29,-0.007283191623505658
2022-09-30,0.021801406425252523
2022-10-03,0.0539280239506752
2022-10-04,0.0008262898337267899
2022-10-05,0.008293825495274021
2022-10-06,0.003092535658305806
2022-10-07,-0.010139612211965243
2022-10-10,-0.0037362945719010554
2022-10-11,-0.009654793155450037
2022-10-13,-0.004600077069115471
2022-10-14,-0.01968504890695222
2022-10-17,0.013753229685015356
2022-10-18,0.018477464396832843
2022-10-19,0.0045772587965071665
2022-10-20,0.007684931479312596
2022-10-21,0.0232654947601052
2022-10-24,-0.03319764721896057
2022-10-25,-0.012027599153723756
2022-10-26,-0.01637751544997279
2022-10-27,0.01650836725177207
2022-10-28,-0.0008901300875727713
2022-10-31,0.012993729411792998
2022-11-01,0.007657807225534441
2022-11-03,-0.000282262377583109
2022-11-04,0.010712671210525215
2022-11-07,-0.024095693748318325
2022-11-08,0.007066923001406877
2022-11-09,-0.022461116627198408
2022-11-10,-0.03407461800150635
2022-11-11,0.02232243587535443
2022-11-14,0.00805633111607662
2022-11-16,-0.026124563191455508
2022-11-17,-0.004910306029655587
2022-11-18,-0.007530355874889594
2022-11-21,0.007940470211400097
2022-11-22,-0.006499554384143735
2022-11-23,-0.0032518860183312626
2022-11-24,0.028553414992305903
2022-11-25,-0.02585195235517901
2022-11-28,-0.001790971230791527
2022-11-29,0.019373182058178173
2022-11-30,0.014109707839528696
2022-12-01,-0.01396545713154751
2022-12-02,0.008956757208096633
2022-12-05,-0.022800038818798996
2022-12-06,0.0012058430028645262
2022-12-07,-0.001571537231713549
2022-12-08,-0.019538399810320684
2022-12-09,0.004131506709647681
2022-12-12,-0.02277596304076468
2022-12-13,-0.01311958231549859
2022-12-14,-0.0008570259798972302
2022-12-15,-0.0006263822774812411
2022-12-16,-0.00883997565427741
2022-12-19,0.016445597428129233
2022-12-20,0.023158441973201604
2022-12-21,0.0031172444184797143
2022-12-22,3.7273447333063814e-05
2022-12-23,0.021944064190792645
2022-12-26,-0.008789816521654004
2022-12-27,-0.003602279501714989
2022-12-28,0.017293553991319044
2022-12-29,-0.0018704492714238796
2023-01-02,-0.033782156716544165
2023-01-03,-0.02099420706653987
2023-01-04,0.01115047352483245
2023-01-05,0.02052202139866033
2023-01-06,0.012183886633930996
2023-01-09,0.003586123450844525
2023-01-10,0.015308808597007229
2023-01-11,0.00764346373079583
2023-01-12,0.001019495706261253
2023-01-13,-0.00862689545955675
2023-01-16,-0.015473054226394112
2023-01-17,0.02017725214841981
2023-01-18,0.009049107937020295
2023-01-19,0.004914450718171537
2023-01-20,-0.006258148223606597
2023-01-23,-0.005285490631630196
2023-01-24,0.011738299836057564
2023-01-25,0.010271937797606157
2023-01-26,-0.0007533814919380433
2023-01-27,-0.014183132670117615
2023-01-30,-0.005472628302719329
2023-01-31,0.014586364548796027
2023-02-01,-0.010884159964222206
2023-02-02,-0.02131129350016181
2023-02-03,-0.013231279211563418
2023-02-06,-0.00031344205727101837
2023-02-07,-0.004954348877587833
2023-02-08,0.01801685083647797
2023-02-09,-0.019287116140359828
2023-02-10,0.0033992058034488792
2023-02-13,0.006414886788173035
2023-02-14,-0.010965214598403605
2023-02-15,0.016425903972221434
2023-02-16,0.004221627718978382
2023-02-17,-0.0054925140817196905
2023-02-22,-0.019875455030623712
2023-02-23,0.0052868807757047165
2023-02-24,-0.017295005350311143
2023-02-27,-0.0015313070142930485
2023-02-28,-0.0073964342646881676
2023-03-01,-0.005226534349182188
2023-03-02,-0.010196948414106899
2023-03-03,0.005212568271829809
2023-03-06,0.007997511053844164
2023-03-07,-0.00451831064285102
2023-03-08,0.021939694255213027
2023-03-09,-0.013884189368912558
2023-03-10,-0.013925252212757755
2023-03-13,-0.004808003883393752
2023-03-14,-0.0018344799930485323
2023-03-15,-0.0024999161881176235
2023-03-16,0.007374736252389269
2023-03-17,-0.014147068971743337
2023-03-20,-0.010438477276183633
2023-03-21,0.0007428648179139685
2023-03-22,-0.007722967134906611
2023-03-23,-0.023165656133478763
2023-03-24,0.009178992555181509
2023-03-27,0.008473645027569532
2023-03-28,0.015085795544258929
2023-03-29,0.005990814949585754
2023-03-30,0.01868612952521964
2023-03-31,-0.017812188141498098
2023-04-03,-0.0036973708217189483
2023-04-04,0.0035697640858725066
2023-04-05,-0.008785002788613383
2023-04-06,-0.0015460855408804264
2023-04-10,0.010115101366412915
2023-04-11,0.04198423970344933
2023-04-12,0.006344341424401989
2023-04-13,-0.0040497271163566495
2023-04-14,-0.0016828294301678426
2023-04-17,-0.002477685621844472
2023-04-18,0.0013856227385300457
2023-04-19,-0.021421638269739418
2023-04-20,0.0043595229406481195
2023-04-24,-0.004032379668220898
2023-04-25,-0.00701852113812329
2023-04-26,-0.008835664589561532
2023-04-27,0.005954167711182734
2023-04-28,0.014555006050660069
2023-05-02,-0.024279271108781586
2023-05-03,-0.0012762366500265188
2023-05-04,0.0036966081384690597
2023-05-05,0.02869163924831497
2023-05-08,0.008466360529366668
2023-05-09,0.010058445814769001
2023-05-10,0.0031133217418002346
2023-05-11,0.007491782991523976
2023-05-12,0.0019195280903119283
2023-05-15,0.005195581200037935
2023-05-16,-0.0076879898788977385
2023-05-17,0.011633273706022962
2023-05-18,0.005902516590237994
2023-05-19,0.005768558873228358
2023-05-22,-0.004815404085899644
2023-05-23,-0.0025801542418406598
2023-05-24,-0.010323368429656199
2023-05-25,0.01145982000503487
2023-05-26,0.007711841261251351
2023-05-29,-0.005179930131776089
2023-05-30,-0.012457981459514045
2023-05-31,-0.005816805938168912
2023-06-01,0.020375305150691858
2023-06-02,0.017865061037563024
2023-06-05,0.001225283611081096
2023-06-06,0.016841132550602822
2023-06-07,0.007631567951769114
2023-06-09,0.013169686315428919
2023-06-12,0.0027052991686478123
2023-06-13,-0.005066676366398681
2023-06-14,0.019728219428664318
2023-06-15,0.0012757566042704838
2023-06-16,-0.003891104544337054
2023-06-19,0.009219899690348754
2023-06-20,-0.001970937668257733
2023-06-21,0.0066488609475570115
2023-06-22,-0.012416914633101683
2023-06-23,0.00036147971693800685
2023-06-26,-0.006188368117619802
2023-06-27,-0.006107769892944148
2023-06-28,-0.007190343697686785
2023-06-29,0.014481415648187834
2023-06-30,-0.002503490122192531
2023-07-03,0.013341382272905378
2023-07-04,-0.005001078490682431
2023-07-05,0.003964384448282843
2023-07-06,-0.017917981217500767
2023-07-07,0.012457634746512625
2023-07-10,-0.0080730044936832
2023-07-11,-0.006140467155432816
2023-07-12,0.003797591478473805
2023-07-13,0.013489420770090632
2023-07-14,-0.013107055453613015
2023-07-17,0.004306368711596065
2023-07-18,-0.0032025783536386854
2023-07-19,-0.002455469323271231
2023-07-20,0.004506978155566443
2023-07-21,0.01791067601562446
2023-07-24,0.009314561940048094
2023-07-25,0.005473611364722686
2023-07-26,0.004514089638398389
2023-07-27,-0.0211923000159846
2023-07-28,0.0016404571976416094
2023-07-31,0.01450485926650913
2023-08-01,-0.0057156876042565585
2023-08-02,-0.003213457973084033
2023-08-03,-0.0022613855440400954
2023-08-04,-0.008979876581564739
2023-08-07,-0.0010716319969983346
2023-08-08,-0.002432172960599388
2023-08-09,-0.0057347767053670395
2023-08-10,-0.0004983971145442467
2023-08-11,-0.0024110156974703756
2023-08-14,-0.010686637094918794
2023-08-15,-0.005485439604896669
2023-08-16,-0.004996493871397334
2023-08-17,-0.005291155317996399
2023-08-18,0.0037067462610416158
2023-08-21,-0.008527797309971774
2023-08-22,0.014979571897487887
2023-08-23,0.01689392309356741
2023-08-24,-0.00943190598316157
2023-08-25,-0.010212101820279429
2023-08-28,0.011023557915919469
2023-08-29,0.010894917235113155
2023-08-30,-0.007366344093549415
2023-08-31,-0.015372585462495536
2023-09-01,0.018413857324283356
2023-09-04,-0.0009844274567658573
2023-09-05,-0.003794005605888273
2023-09-06,-0.011538127968380607
2023-09-08,-0.005810702131427092
2023-09-11,0.013523264195365314
2023-09-12,0.009239966783122
2023-09-13,0.0017616374228577314
2023-09-14,0.010237158368594734
2023-09-15,-0.005324387972093447
2023-09-18,-0.00396548025190846
2023-09-19,-0.0037436414596250245
2023-09-20,0.007178490374146307
2023-09-21,-0.02171776722246932
2023-09-22,-0.0011716362031890526
2023-09-25,-0.0007243440260840117
2023-09-26,-0.015053430906267096
2023-09-27,0.0011727640062861866
2023-09-28,0.012205769246978804
2023-09-29,0.007180524704793356
2023-10-02,-0.013021399587117344
2023-10-03,-0.014338731982347142
2023-10-04,0.0016561983470939623
2023-10-05,-0.002847184050480678
2023-10-06,0.00779062563177213
2023-10-09,0.008599165169753675
2023-10-10,0.013635810454850628
2023-10-11,0.0026861959451256467
2023-10-13,-0.011142487653287958
2023-10-16,0.006715826316026963
2023-10-17,-0.005386302935546539
2023-10-18,-0.0160721472567662
2023-10-19,-0.0004910902301578091
2023-10-20,-0.00747497526552543
2023-10-23,-0.0032752087346086256
2023-10-24,0.008625195274300168
2023-10-25,-0.008226285622045637
2023-10-26,0.017108854230627912
2023-10-27,-0.012943121260640567
2023-10-30,-0.00681036847807448
2023-10-31,0.005423718075931561
2023-11-01,0.016731548042509203
2023-11-03,0.026646746462416715
2023-11-06,0.002763611692715884
2023-11-07,0.006569811858028629
2023-11-08,-0.0014179817534891725
2023-11-09,-0.0007307516567607308
2023-11-10,0.013553418847664034
2023-11-13,-0.0021575697547060457
2023-11-14,0.024227295335323973
2023-11-16,0.01006849863614434
2023-11-17,0.0038936429069149625
2023-11-20,0.008225976779209887
2023-11-21,-0.003877606148993351
2023-11-22,0.003401661190974181
2023-11-23,0.004283272122888704
2023-11-24,-0.008202554339240109
2023-11-27,0.00112249986908175
2023-11-28,0.006779794505987979
2023-11-29,-0.003459485161323883
2023-11-30,0.009706822009691862
2023-12-01,0.006044632668972483
2023-12-04,-0.010199926802968662
2023-12-05,0.0007883140736026917
2023-12-06,-0.010137656814245943
2023-12-07,0.0030759105930027175
2023-12-08,0.008565701275843551
2023-12-11,-0.0014015198546246666
2023-12-12,-0.004050234694499721
2023-12-13,0.023935358731410616
2023-12-14,0.01057991405893155
2023-12-15,-0.004941800364306914
2023-12-18,0.006789651046256395
2023-12-19,0.005834158066107875
2023-12-20,-0.007972477551456691
2023-12-21,0.010479741214703964
2023-12-22,0.004310497926786283
2023-12-26,0.005858379568122629
2023-12-27,0.00493787584423977
2023-12-28,-6.706933108446833e-05
2024-01-02,-0.01115111112049938
2024-01-03,0.001031894672610889
2024-01-04,-0.012179200761671893
2024-01-05,0.006055122223694198
2024-01-08,0.0030554003728049395
2024-01-09,-0.00742782165543332
2024-01-10,-0.004620882985907571
2024-01-11,-0.0014685076638052408
2024-01-12,0.0025913780520756546
2024-01-15,0.004060818733389482
2024-01-16,-0.017077653696459194
2024-01-17,-0.005973223664964777
2024-01-18,-0.009443472305788347
2024-01-19,0.002510277762400648
2024-01-22,-0.00813415540687501
2024-01-23,0.013034536062656699
2024-01-24,-0.003491113710989424
2024-01-25,0.002757975848240335
2024-01-26,0.006206852108702421
2024-01-29,-0.003604307315956845
2024-01-30,-0.008604808764287597
2024-01-31,0.0027434429365982282
2024-02-01,0.005690148942173678
2024-02-02,-0.010161902022085556
2024-02-05,0.0032263790130588887
2024-02-06,0.021883830880387478
2024-02-07,-0.0062148309439837846
2024-02-08,-0.010790369408640643
2024-02-09,-0.001490772706949528
2024-02-14,-0.00790455959354297
2024-02-15,0.006169031659188917
2024-02-16,0.007188274042595921
2024-02-19,0.0024053207956207245
2024-02-20,0.00679665256567219
2024-02-21,0.0008924862487873497
2024-02-22,0.0016060063465825891
2024-02-23,-0.006331377539186889
2024-02-26,0.0014670231332196693
2024-02-27,0.015920856150824392
2024-02-28,-0.011717034188725606
2024-02-29,-0.008758616809467767
2024-03-01,0.0012393495002314125
2024-03-04,-0.006515996509289579
2024-03-05,-0.0018951881167286189
2024-03-06,0.006163731438379116
2024-03-07,-0.00427633509431935
2024-03-08,-0.00993700695876143
2024-03-11,-0.007480435363484972
2024-03-12,0.012167594322107789
2024-03-13,0.0026439934987880775
2024-03-14,-0.0024716863844282955
2024-03-15,-0.007451927328027352
2024-03-18,0.0016712920136452425
2024-03-19,0.004518973593613751
2024-03-20,0.012437137723981806
2024-03-21,-0.007509246896761468
2024-03-22,-0.008872018255095426
2024-03-25,-0.0007560305607441364
2024-03-26,-0.0005358676850306665
2024-03-27,0.006505518830586254
2024-03-28,0.0032447633405414678
2024-04-01,-0.008749703012357557
2024-04-02,0.0043922612934252925
2024-04-03,-0.001812710655000771
2024-04-04,0.0008636053703430235
2024-04-05,-0.004979890160708322
2024-04-08,0.016131653310244687
2024-04-09,0.007984676059948015
2024-04-10,-0.01423588846381385
2024-04-11,-0.005151704484472219
2024-04-12,-0.011447101810983185
2024-04-15,-0.004871069803350281
2024-04-16,-0.007568421898465516
2024-04-17,-0.0017541040867126156
2024-04-18,0.00020131499019093724
2024-04-19,0.007444282733869656
2024-04-22,0.0035820171768108366
2024-04-23,-0.0033902258451909972
2024-04-24,-0.003257449186548911
2024-04-25,-0.0007618681374346181
2024-04-26,0.014970101042184325
2024-04-29,0.006507085407557511
2024-04-30,-0.011276355687513728
2024-05-02,0.00946870490488827
2024-05-03,0.010851685522961674
2024-05-06,-0.0003346629080756003
2024-05-07,0.005774709849033499
2024-05-08,0.0020951644945856884
2024-05-09,-0.010036215867398113
2024-05-10,-0.004597565450627172
2024-05-13,0.004340097915470409
2024-05-14,0.0028051602140308773
2024-05-15,-0.00379663904286609
2024-05-16,0.0019975661313225146
2024-05-17,-0.001037299993569718
2024-05-20,-0.003126199293250309
2024-05-21,-0.0026571266167429997
2024-05-22,-0.013925666235483192
2024-05-23,-0.0073568802015273604
2024-05-24,-0.0033971161226240554
2024-05-27,0.0015273192091260768
2024-05-28,-0.0057677905633592985
2024-05-29,-0.008706396506871883
2024-05-31,-0.0049753988382192915
2024-06-03,-0.0005406955442417427
2024-06-04,-0.001886529919650215
2024-06-05,-0.0032482379131160144
2024-06-06,0.012214342253267674
2024-06-07,-0.017499810469743693
2024-06-10,-5.796453400286339e-05
2024-06-11,0.0072196522259933005
2024-06-12,-0.014066489888728384
2024-06-13,-0.003073019987969161
2024-06-14,0.0007858546573391578
2024-06-17,-0.004388616758943087
2024-06-18,0.004121161096483306
2024-06-19,0.0052607347108519775
2024-06-20,0.0015371388154594712
2024-06-21,0.007403244076490623
2024-06-24,0.010624008639217308
2024-06-25,-0.002498286789757387
2024-06-26,0.002530902841749949
2024-06-27,0.013500968387139878
2024-06-28,-0.0032310726496316278
2024-07-01,0.00652390448614959
2024-07-02,0.000553095142453941
2024-07-03,0.006987478968918381
2024-07-04,0.0039868851107609515
2024-07-05,0.0008160646332360244
2024-07-08,0.0022229702803677753
2024-07-09,0.004415435943297297
2024-07-10,0.0008650315489511229
2024-07-11,0.00842235480597786
2024-07-12,0.004689130684152332
2024-07-15,0.0032840497646908773
2024-07-16,-0.0016329313966618741
2024-07-17,0.002629952010918757
2024-07-18,-0.013986894791038651
2024-07-19,-0.0002820565071885994
2024-07-22,0.0019101604392623983
2024-07-23,-0.009982397689844547
2024-07-24,-0.0013200904637447053
2024-07-25,-0.0037166662562881925
2024-07-26,0.0121368566031812
2024-07-29,-0.004228801409677629
2024-07-30,-0.006440342617509032
2024-07-31,0.011923337901809106
2024-08-01,-0.002015315506424642
2024-08-02,-0.012169990954168597
2024-08-05,-0.004651097089814371
2024-08-06,0.007927304699752113
2024-08-07,0.009827449936187449
2024-08-08,0.00895487588405075
2024-08-09,0.015073026388575883
2024-08-12,0.0038283627992328206
2024-08-13,0.009730110084735344
2024-08-14,0.0069247141782309285
2024-08-15,0.006243687821182675
2024-08-16,-0.001491947491652823
2024-08-19,0.013532206898798194
2024-08-20,0.0022731880386235304
2024-08-21,0.0027664564829361638
2024-08-22,-0.009505404053427924
2024-08-23,0.003212931292859267
2024-08-26,0.009402007629043752
2024-08-27,-0.0008258272444194859
2024-08-28,0.004144176367370633
2024-08-29,-0.009532416677018318
2024-08-30,-0.00027201382292041387
2024-09-02,-0.007550269275458987
2024-09-03,-0.004663363244821639
2024-09-04,0.013000064767783925
2024-09-05,0.0028685372165835332
2024-09-06,-0.014239894735791125
2024-09-09,0.0012253583849446414
2024-09-10,-0.003099717412196057
2024-09-11,0.0026543062532216055
2024-09-12,-0.004823124576125437
2024-09-13,0.006344127692486268
2024-09-16,0.001748148593346599
2024-09-17,-0.0011700324945014273
2024-09-18,-0.009021005844426
2024-09-19,-0.0046839195166281655
2024-09-20,-0.015580129527581477
2024-09-23,-0.0037992195006815166
2024-09-24,0.012088879122412521
2024-09-25,-0.004322412717383983
2024-09-26,0.01076368311178122
2024-09-27,-0.0021073237270936573
2024-09-30,-0.006909978882980283
2024-10-01,0.005137898110074701
2024-10-02,0.007668922213799334
2024-10-03,-0.013899849337237313
2024-10-04,0.0009109404571248092
2024-10-07,0.001713354727167271
2024-10-08,-0.0038401747188512303
2024-10-09,-0.011856002174154057
2024-10-10,0.003004055041339271
2024-10-11,-0.0027732449739179543
2024-10-14,0.007762580311229783
2024-10-15,0.00029002320388826774
2024-10-16,0.005380673805877478
2024-10-17,-0.007290266650020527
2024-10-18,-0.002250356873311432
2024-10-21,-0.0010503679169797664
2024-10-22,-0.004929205660253899
2024-10-23,-0.0037690136293608845
2024-10-24,0.00643272561438657
2024-10-25,-0.0013386676872180203
2024-10-28,0.010110922348498974
2024-10-29,-0.00368782939344392
2024-10-30,-0.0006963335642478086
2024-10-31,-0.00711347640693738
2024-11-01,-0.01234918770944482
2024-11-04,0.01851303279295813
2024-11-05,0.0011180201489260355
2024-11-06,-0.0024520897183908374
2024-11-07,-0.005068793229483504
2024-11-08,-0.014384043707217131
2024-11-11,0.0003441479244301604
2024-11-12,-0.0013773028956389766
2024-11-13,0.0002818754129343404
2024-11-14,0.00045396555337617883
2024-11-18,-0.00018782282102414172
2024-11-19,0.0033520239227176063
2024-11-21,-0.009995418728118821
2024-11-22,0.017215947294895173
2024-11-25,-0.0006972366471131863
2024-11-26,0.0068428351871610005
2024-11-27,-0.01749329327562954
2024-11-28,-0.02425211715314468
2024-11-29,0.008454648848413626
2024-12-02,-0.0034435515327739807
2024-12-03,0.007184516234282512
2024-12-04,-0.0004123286317554431
2024-12-05,0.013948128234742896
2024-12-06,-0.015067029447761726
2024-12-09,0.009986020508195637
2024-12-10,0.007970665207084338
2024-12-11,0.010588840738572358
2024-12-12,-0.02778358537217862
2024-12-13,-0.011410274839384726
2024-12-16,-0.00847804185183243
2024-12-17,0.00916794601461035
2024-12-18,-0.03199034351075447
2024-12-19,0.00343858827818444
2024-12-20,0.007513702166466629
2024-12-23,-0.01099369162624697
2024-12-26,0.002571896639828708
2024-12-27,-0.006704065349936172
2024-12-30,0.00011639894921522398
2025-01-02,-0.001314432321292358
2025-01-03,-0.013341464471251285
2025-01-06,0.012483656492673134
2025-01-07,0.00946168718769691
2025-01-08,-0.01277489672645693
2025-01-09,0.0013032256675202802
2025-01-10,-0.007752399105585894
2025-01-13,0.0012696385758523832
2025-01-14,0.0024506319281609734
2025-01-15,0.027701823865433184
2025-01-16,-0.01161220835711596
2025-01-17,0.009163227541296948
2025-01-20,0.0015761989110156804
2025-01-21,0.00646656529247025
2025-01-22,-0.002971866910607801
2025-01-23,-0.0039844423371917514
2025-01-24,-0.0002939615421500008
2025-01-27,0.01953084414318873
2025-01-28,-0.00647605088355796
2025-01-29,-0.005042679421121576
2025-01-30,0.027811415201105305
2025-01-31,-0.0061490503888599335
2025-02-03,-0.001308978588758336
2025-02-04,-0.006554737008261924
2025-02-05,0.0030875918593462615
2025-02-06,0.005489390529682225
2025-02-07,-0.012804946055256394
2025-02-10,0.007618216555497881
2025-02-11,0.007536906844713087
2025-02-12,-0.01707481041419001
2025-02-13,0.003771621050038476
2025-02-14,0.02662672270761135
2025-02-17,0.005056645078903799
2025-02-18,-0.002618483941803973
2025-02-19,-0.009560698370298937
2025-02-20,0.0022910056703810966
2025-02-21,-0.0037137549602395126
2025-02-24,-0.01367785026165258
2025-02-25,0.004606561545099197
2025-02-26,-0.00965913655010553
2025-02-27,0.0002404154390340807
2025-02-28,-0.01615557072530116
2025-03-05,0.002017523849252356
2025-03-06,0.002524300766165055
2025-03-07,0.01350300113679026
2025-03-10,-0.00413538340687758
2025-03-11,-0.008160480079023813
2025-03-12,0.0028863548908191206
2025-03-13,0.014212607124891363
2025-03-14,0.02608221882100814
2025-03-17,0.014450328622338304
2025-03-18,0.004887375392634397
2025-03-19,0.007826301486721476
2025-03-20,-0.004182065589381168
2025-03-21,0.0029511939694302214
2025-03-24,-0.007767441751486359
2025-03-25,0.0056722338658410365
2025-03-26,0.0034166359751619524
2025-03-27,0.004735224473344957
2025-03-28,-0.009409579294453962
2025-03-31,-0.012526769492330558
2025-04-01,0.006786378361898215
2025-04-02,0.00032782261278541114
2025-04-03,-0.0003735738480763473
2025-04-04,-0.0300722746488038
2025-04-07,-0.013194097527604143
2025-04-08,-0.013273679979389996
2025-04-09,0.030702214460010424
2025-04-10,-0.011339836882097387
2025-04-11,0.010447392072240547
2025-04-14,0.01378280794230946
2025-04-15,-0.0016157777607972434
2025-04-16,-0.007206063128188944
2025-04-17,0.010334747192132454
2025-04-22,0.006258814652168709
2025-04-23,0.013339622201682388
2025-04-24,0.0177218689216474
2025-04-25,0.001180756043746456
2025-04-28,0.0020537161302645046
2025-04-29,0.000570140218103532
2025-04-30,-0.00019247853183479435
2025-05-02,0.000495927116281436
2025-05-05,-0.012232818899308384
2025-05-06,0.00018726100868526885
2025-05-07,-0.0008841799807228767
2025-05-08,0.021022173858916915
2025-05-09,0.002053208124580763
2025-05-12,0.00037352376155297407
2025-05-13,0.017421664035833118
2025-05-14,-0.00389349629879554
2025-05-15,0.006559714186719745
2025-05-16,-0.0010555757996666415
2025-05-19,0.003220684004661578
2025-05-20,0.0033887916439496735
2025-05-21,-0.0160368340772834
2025-05-22,-0.0044193505422640555
2025-05-23,0.004005865108107187
2025-05-26,0.002261198238429074
2025-05-27,0.010119757779181171
2025-05-28,-0.004690611949662582
2025-05-29,-0.0025520700747261316
2025-05-30,-0.010937796162595603
2025-06-02,-0.0017530152692053491
2025-06-03,0.0055334351801974435
2025-06-04,-0.003962882351604691
2025-06-05,-0.005606848291316524
2025-06-06,-0.0009840713437991866
2025-06-09,-0.0029654070096842844
2025-06-10,0.005416442587922177
2025-06-11,0.0050591559999197955
2025-06-12,0.00488856237480384
2025-06-13,-0.004268895589889965
2025-06-16,0.014779502860738702
2025-06-17,-0.002991774856822005
2025-06-18,-0.0008863044927842623
2025-06-20,-0.011608603605417045
2025-06-23,-0.004129111677695363
2025-06-24,0.004486409489219412
2025-06-25,-0.010244399530932924
2025-06-26,0.009872515423234418
2025-06-27,-0.0018103516149530208
2025-06-30,0.014427878203028044
2025-07-01,0.0049855708790094155
2025-07-02,-0.003575021754503638
2025-07-03,0.013408349348368986
2025-07-04,0.0038951063035241873
2025-07-07,-0.014151313859539272
2025-07-08,-0.0013414972975933637
2025-07-09,-0.013165691066093999
2025-07-10,-0.005382474048349906
2025-07-11,-0.004074310402911507
2025-07-14,-0.006541797122768145
2025-07-15,-0.0003622264398366326
2025-07-16,0.0019279001099885562
2025-07-17,0.0003984122586615513
2025-07-18,-0.016234038251663918
2025-07-21,0.00586810081589384
2025-07-22,-0.0009768720738954073
2025-07-23,0.00988857518074937
2025-07-24,-0.011591059127155745
2025-07-25,-0.002124699675604802
2025-07-28,-0.010502518870021404
2025-07-29,0.004508134723398172
2025-07-30,0.009478317483575083
2025-07-31,-0.006882349931288445
2025-08-01,-0.004775759713576022
2025-08-04,0.004023998678027496
2025-08-05,0.0013527632247587462
2025-08-06,0.01036286446101009
2025-08-07,0.014683034774780168
2025-08-08,-0.004514746639639355
2025-08-11,-0.002135997512375809
2025-08-12,0.016751324846588034
2025-08-13,-0.008936662037472232
2025-08-14,-0.0024245277274559385
2025-08-15,-0.0001100122114667812
2025-08-18,0.007169432491851424
2025-08-19,-0.021270038017286552
2025-08-20,0.001746569550530097
2025-08-21,-0.0011590844531514932
2025-08-22,0.025375794125618967
2025-08-25,0.0004130539601394645
2025-08-26,-0.001841941665674085
2025-08-27,0.010361963915233474
2025-08-28,0.013152497318696277
2025-08-29,0.0026409806089784382
2025-09-01,-0.002102305877516031
2025-09-02,-0.0056136010415190896
2025-09-03,-0.0033618995329600665
2025-09-04,0.008039721860377824
2025-09-05,0.01161372979916031
2025-09-08,-0.005962778537806912
2025-09-09,-0.0012279031922819428
2025-09-10,0.00514849693604269
2025-09-11,0.005618228438242667
2025-09-12,-0.006159298857349782
2025-09-15,0.008921789365373911
2025-09-16,0.0035812547620039936
2025-09-17,0.010578163653160999
2025-09-18,-0.0006458395107227233
2025-09-19,0.0025054498030563366
2025-09-22,-0.005196352259170922
2025-09-23,0.009028167820412492
2025-09-24,0.0004574674816986146
2025-09-25,-0.008128955859133313
2025-09-26,0.0009698954855359432
2025-09-29,0.006100421956801938
2025-09-30,-0.0006835877685240632
2025-10-01,-0.004935674997790684
2025-10-02,-0.010826901216249851
2025-10-03,0.0017421425813779479
2025-10-06,-0.004120794270793482
2025-10-07,-0.015805834305504973
2025-10-08,0.0055661323032669685
2025-10-09,-0.0030790609593864815
2025-10-10,-0.007280794801362234
2025-10-13,0.0078099121401837834
2025-10-14,-0.0007055520178678165
2025-10-15,0.006479390349573677
2025-10-16,-0.002837040708531191
2025-10-17,0.008396437271366963
2025-10-20,0.00771083470945122
2025-10-21,-0.0029383861415812618
2025-10-22,0.005454093351934475
2025-10-23,0.005836338032485955
2025-10-24,0.0030901759130248507
2025-10-27,0.005437669679940527
2025-10-28,0.0031250237729505415
2025-10-29,0.008133476348788804
2025-10-30,0.000988524455692641
2025-10-31,0.00509521080857489
2025-11-03,0.006093474056807935
2025-11-04,0.001660258451883223
2025-11-05,0.01703999808811041
2025-11-06,0.00029351048532255675
2025-11-07,0.004716943844034205
2025-11-10,0.007713707866027875
2025-11-11,0.01592335389305788
2025-11-12,-0.0007356158894982201
2025-11-13,-0.002992425873781457
2025-11-14,0.0036646479099271545
2025-11-17,-0.004740550036599345
2025-11-18,-0.0030046431867329915
2025-11-19,-0.007316409844037253
2025-11-21,-0.003940021411624528
2025-11-24,0.0032769148943554427
2025-11-25,0.004061858869436108
2025-11-26,0.016822618591779914
2025-11-27,-0.0016601076254563196
2025-11-28,0.004915501257478638
2025-12-01,-0.002902266243955509
2025-12-02,0.015520966684448467
2025-12-03,0.004107214451574137
2025-12-04,0.016560212419042486
2025-12-05,-0.044049691082081566
2025-12-08,0.005184511353052201
2025-12-09,-0.0013031048629237318
2025-12-10,0.0069010164874381275
2025-12-11,0.0007163864268378006
2025-12-12,0.009857716055924115
2025-12-15,0.01061733480204019
2025-12-16,-0.024320640569822416
2025-12-17,-0.007920143963902504
2025-12-18,0.0037811305952839547
2025-12-19,0.003476659338264909
2025-12-22,-0.0020908682190476924
2025-12-23,0.014526398099311777
2025-12-26,0.0027446470195755523
2025-12-29,-0.0025327733702571464
2025-12-30,0.003948825926286759
